timestamp,droneId,district,type,orderNo
1771871597156,DR-02,Al Safa,RECEIVED,ORD-3796
1771871597156,DR-02,Al Safa,ASSIGNED,ORD-8860
1771871597171,DR-03,Al Hamra,RECEIVED,ORD-8940
1771871597171,DR-03,Al Hamra,ASSIGNED,ORD-9402
1771871597957,DR-02,Al Safa,IN_AIR,ORD-8860
1771871597957,DR-03,Al Hamra,RECEIVED,ORD-3747
1771871597957,DR-03,Al Hamra,IN_AIR,ORD-9402
1771871598758,DR-01,Al Rawdah,RECEIVED,ORD-9587
1771871598758,DR-01,Al Rawdah,ASSIGNED,ORD-5855
1771871598759,DR-02,Al Safa,REJECTED,ORD-8860
1771871598759,DR-03,Al Hamra,RECEIVED,ORD-7859
1771871598759,DR-03,Al Hamra,REJECTED,ORD-9402
1771871599560,DR-01,Al Rawdah,RECEIVED,ORD-9264
1771871599560,DR-01,Al Rawdah,IN_AIR,ORD-5855
1771871599561,DR-02,Al Safa,RECEIVED,ORD-7450
1771871599561,DR-03,Al Hamra,RECEIVED,ORD-4859
1771871600360,DR-01,Al Rawdah,REJECTED,ORD-5855
1771871600360,DR-03,Al Hamra,RECEIVED,ORD-8638
1771871600360,DR-03,Al Hamra,ASSIGNED,ORD-9439
1771871601161,DR-02,Al Safa,RECEIVED,ORD-7649
1771871601161,DR-02,Al Safa,ASSIGNED,ORD-5928
1771871601162,DR-03,Al Hamra,IN_AIR,ORD-9439
1771871601963,DR-01,Al Rawdah,RECEIVED,ORD-5912
1771871601963,DR-03,Al Hamra,RECEIVED,ORD-1139
1771871602764,DR-02,Al Safa,RECEIVED,ORD-1455
1771871602764,DR-03,Al Hamra,RECEIVED,ORD-8707
1771871603565,DR-01,Al Rawdah,ASSIGNED,ORD-9838
1771871603565,DR-03,Al Hamra,RECEIVED,ORD-6273
1771871603565,DR-03,Al Hamra,DELIVERED,ORD-9439
1771871604366,DR-01,Al Rawdah,RECEIVED,ORD-5903
1771871604366,DR-03,Al Hamra,RECEIVED,ORD-1804
1771871605166,DR-01,Al Rawdah,RECEIVED,ORD-2085
1771871605166,DR-02,Al Safa,RECEIVED,ORD-1868
1771871605166,DR-02,Al Safa,IN_AIR,ORD-5928
1771871605167,DR-03,Al Hamra,RECEIVED,ORD-4878
1771871605167,DR-03,Al Hamra,ASSIGNED,ORD-4021
1771871605967,DR-01,Al Rawdah,RECEIVED,ORD-1488
1771871605967,DR-01,Al Rawdah,IN_AIR,ORD-9838
1771871605968,DR-02,Al Safa,RECEIVED,ORD-5063
1771871605968,DR-02,Al Safa,DELIVERED,ORD-5928
1771871605969,DR-03,Al Hamra,IN_AIR,ORD-4021
1771871606769,DR-01,Al Rawdah,RECEIVED,ORD-8192
1771871606769,DR-02,Al Safa,RECEIVED,ORD-9323
1771871606770,DR-03,Al Hamra,RECEIVED,ORD-8029
1771871606770,DR-03,Al Hamra,DELIVERED,ORD-4021
1771871607569,DR-01,Al Rawdah,DELIVERED,ORD-9838
1771871607569,DR-02,Al Safa,ASSIGNED,ORD-5392
1771871607570,DR-03,Al Hamra,RECEIVED,ORD-4032
1771871608371,DR-02,Al Safa,RECEIVED,ORD-3217
1771871609171,DR-02,Al Safa,RECEIVED,ORD-3834
1771871609171,DR-03,Al Hamra,RECEIVED,ORD-3008
1771871629987,DR-02,Al Safa,RECEIVED,ORD-5147
1771871629987,DR-02,Al Safa,ASSIGNED,ORD-7983
1771871635949,DR-01,Al Rawdah,RECEIVED,ORD-5228
1771871635949,DR-01,Al Rawdah,ASSIGNED,ORD-8262
1771872614433,DR-03,Al Hamra,RECEIVED,ORD-2912
1771872614433,DR-03,Al Hamra,ASSIGNED,ORD-4073
1771872615235,DR-03,Al Hamra,RECEIVED,ORD-8809
1771872615235,DR-03,Al Hamra,IN_AIR,ORD-4073
1771872616037,DR-02,Al Safa,RECEIVED,ORD-2768
1771872616037,DR-02,Al Safa,ASSIGNED,ORD-1194
1771872616838,DR-02,Al Safa,RECEIVED,ORD-3320
1771872616838,DR-02,Al Safa,IN_AIR,ORD-1194
1771872616839,DR-03,Al Hamra,DELIVERED,ORD-4073
1771872617639,DR-01,Al Rawdah,RECEIVED,ORD-4739
1771872617639,DR-01,Al Rawdah,ASSIGNED,ORD-7171
1771872618439,DR-01,Al Rawdah,RECEIVED,ORD-3533
1771872618439,DR-01,Al Rawdah,IN_AIR,ORD-7171
1771872618440,DR-02,Al Safa,DELIVERED,ORD-1194
1771872618441,DR-03,Al Hamra,ASSIGNED,ORD-2424
1771872619239,DR-01,Al Rawdah,DELIVERED,ORD-7171
1771872619240,DR-02,Al Safa,RECEIVED,ORD-7411
1771872619240,DR-03,Al Hamra,RECEIVED,ORD-1522
1771872620040,DR-01,Al Rawdah,RECEIVED,ORD-6309
1771872620040,DR-02,Al Safa,RECEIVED,ORD-5186
1771872620040,DR-02,Al Safa,ASSIGNED,ORD-6210
1771872620041,DR-03,Al Hamra,RECEIVED,ORD-2378
1771872620041,DR-03,Al Hamra,IN_AIR,ORD-2424
1771872620840,DR-01,Al Rawdah,RECEIVED,ORD-8100
1771872620841,DR-03,Al Hamra,RECEIVED,ORD-2989
1771872621641,DR-02,Al Safa,IN_AIR,ORD-6210
1771872622441,DR-01,Al Rawdah,RECEIVED,ORD-2218
1771872622441,DR-01,Al Rawdah,ASSIGNED,ORD-1480
1771872622442,DR-02,Al Safa,REJECTED,ORD-6210
1771872622443,DR-03,Al Hamra,DELIVERED,ORD-2424
1771872623242,DR-01,Al Rawdah,IN_AIR,ORD-1480
1771872624043,DR-01,Al Rawdah,RECEIVED,ORD-2863
1771872624043,DR-02,Al Safa,RECEIVED,ORD-8984
1771872624043,DR-02,Al Safa,ASSIGNED,ORD-9635
1771872624045,DR-03,Al Hamra,ASSIGNED,ORD-6172
1771872624844,DR-01,Al Rawdah,DELIVERED,ORD-1480
1771872624845,DR-02,Al Safa,IN_AIR,ORD-9635
1771872624845,DR-03,Al Hamra,IN_AIR,ORD-6172
1771872625644,DR-02,Al Safa,RECEIVED,ORD-1444
1771872625644,DR-02,Al Safa,DELIVERED,ORD-9635
1771872625645,DR-03,Al Hamra,DELIVERED,ORD-6172
1771872627246,DR-01,Al Rawdah,RECEIVED,ORD-4042
1771872627246,DR-01,Al Rawdah,ASSIGNED,ORD-3703
1771872627247,DR-02,Al Safa,ASSIGNED,ORD-9113
1771872628046,DR-01,Al Rawdah,IN_AIR,ORD-3703
1771872628047,DR-02,Al Safa,RECEIVED,ORD-3091
1771872628047,DR-03,Al Hamra,RECEIVED,ORD-8741
1771872628047,DR-03,Al Hamra,ASSIGNED,ORD-1087
1771872628847,DR-01,Al Rawdah,RECEIVED,ORD-2826
1771872628847,DR-02,Al Safa,IN_AIR,ORD-9113
1771872628848,DR-03,Al Hamra,RECEIVED,ORD-7694
1771872628848,DR-03,Al Hamra,IN_AIR,ORD-1087
1771872629649,DR-02,Al Safa,RECEIVED,ORD-1478
1771872629649,DR-02,Al Safa,DELIVERED,ORD-9113
1771872638594,DR-01,Al Rawdah,RECEIVED,ORD-3433
1771872638594,DR-01,Al Rawdah,ASSIGNED,ORD-9362
1771872639395,DR-01,Al Rawdah,IN_AIR,ORD-9362
1771872640196,DR-01,Al Rawdah,DELIVERED,ORD-9362
1771872640197,DR-02,Al Safa,RECEIVED,ORD-8985
1771872640197,DR-02,Al Safa,ASSIGNED,ORD-7420
1771872640996,DR-02,Al Safa,IN_AIR,ORD-7420
1771872641797,DR-01,Al Rawdah,RECEIVED,ORD-3169
1771872641797,DR-01,Al Rawdah,ASSIGNED,ORD-9130
1771872641798,DR-02,Al Safa,DELIVERED,ORD-7420
1771872641799,DR-03,Al Hamra,RECEIVED,ORD-5495
1771872641799,DR-03,Al Hamra,ASSIGNED,ORD-1895
1771872642597,DR-02,Al Safa,RECEIVED,ORD-1135
1771872642597,DR-03,Al Hamra,IN_AIR,ORD-1895
1771872643397,DR-01,Al Rawdah,IN_AIR,ORD-9130
1771872643397,DR-02,Al Safa,RECEIVED,ORD-6903
1771872643397,DR-02,Al Safa,ASSIGNED,ORD-8451
1771872643399,DR-03,Al Hamra,REJECTED,ORD-1895
1771872644210,DR-01,Al Rawdah,RECEIVED,ORD-5184
1771872644212,DR-02,Al Safa,RECEIVED,ORD-6774
1771872644212,DR-02,Al Safa,IN_AIR,ORD-8451
1771872645002,DR-01,Al Rawdah,RECEIVED,ORD-2047
1771872645002,DR-01,Al Rawdah,REJECTED,ORD-9130
1771872645003,DR-02,Al Safa,DELIVERED,ORD-8451
1771872645803,DR-03,Al Hamra,RECEIVED,ORD-1684
1771872645803,DR-03,Al Hamra,ASSIGNED,ORD-6819
1771872646604,DR-01,Al Rawdah,ASSIGNED,ORD-1539
1771872646604,DR-02,Al Safa,RECEIVED,ORD-5845
1771872646604,DR-02,Al Safa,ASSIGNED,ORD-1550
1771872646606,DR-03,Al Hamra,RECEIVED,ORD-2918
1771872647405,DR-01,Al Rawdah,RECEIVED,ORD-7839
1771872647405,DR-01,Al Rawdah,IN_AIR,ORD-1539
1771872647406,DR-02,Al Safa,RECEIVED,ORD-2275
1771872647406,DR-02,Al Safa,IN_AIR,ORD-1550
1771872647407,DR-03,Al Hamra,IN_AIR,ORD-6819
1771872648205,DR-01,Al Rawdah,REJECTED,ORD-1539
1771872648206,DR-02,Al Safa,RECEIVED,ORD-2861
1771872649006,DR-01,Al Rawdah,RECEIVED,ORD-5300
1771872649007,DR-03,Al Hamra,DELIVERED,ORD-6819
1771872649807,DR-01,Al Rawdah,RECEIVED,ORD-6492
1771872649807,DR-01,Al Rawdah,ASSIGNED,ORD-1155
1771872649808,DR-02,Al Safa,DELIVERED,ORD-1550
1771872650608,DR-01,Al Rawdah,RECEIVED,ORD-5235
1771872650608,DR-01,Al Rawdah,IN_AIR,ORD-1155
1771872650609,DR-03,Al Hamra,ASSIGNED,ORD-9524
1771872651408,DR-01,Al Rawdah,RECEIVED,ORD-1947
1771872651408,DR-01,Al Rawdah,DELIVERED,ORD-1155
1771872651410,DR-02,Al Safa,RECEIVED,ORD-9168
1771872651410,DR-02,Al Safa,ASSIGNED,ORD-9505
1771872651411,DR-03,Al Hamra,IN_AIR,ORD-9524
1771872652210,DR-02,Al Safa,IN_AIR,ORD-9505
1771872652210,DR-03,Al Hamra,DELIVERED,ORD-9524
1771872653011,DR-01,Al Rawdah,ASSIGNED,ORD-7368
1771872653812,DR-01,Al Rawdah,IN_AIR,ORD-7368
1771872653812,DR-02,Al Safa,RECEIVED,ORD-3562
1771872653812,DR-02,Al Safa,DELIVERED,ORD-9505
1771872654612,DR-01,Al Rawdah,RECEIVED,ORD-4629
1771872654612,DR-02,Al Safa,RECEIVED,ORD-4222
1771872654613,DR-03,Al Hamra,RECEIVED,ORD-9131
1771872654613,DR-03,Al Hamra,ASSIGNED,ORD-8184
1771872655414,DR-02,Al Safa,RECEIVED,ORD-7136
1771872655414,DR-03,Al Hamra,IN_AIR,ORD-8184
1771872656214,DR-01,Al Rawdah,DELIVERED,ORD-7368
1771872656214,DR-02,Al Safa,RECEIVED,ORD-7259
1771872656214,DR-02,Al Safa,ASSIGNED,ORD-9447
1771872656216,DR-03,Al Hamra,RECEIVED,ORD-6310
1771872656216,DR-03,Al Hamra,DELIVERED,ORD-8184
1771872657015,DR-02,Al Safa,IN_AIR,ORD-9447
1771872657816,DR-01,Al Rawdah,ASSIGNED,ORD-3710
1771872657816,DR-02,Al Safa,DELIVERED,ORD-9447
1771873066799,DR-01,Al Rawdah,RECEIVED,ORD-7447
1771873066799,DR-01,Al Rawdah,ASSIGNED,ORD-3002
1771873067600,DR-01,Al Rawdah,IN_AIR,ORD-3002
1771873068401,DR-03,Al Hamra,RECEIVED,ORD-1371
1771873068401,DR-03,Al Hamra,ASSIGNED,ORD-5785
1771873069202,DR-03,Al Hamra,IN_AIR,ORD-5785
1771873070003,DR-01,Al Rawdah,RECEIVED,ORD-9531
1771873072405,DR-03,Al Hamra,REJECTED,ORD-5785
1771873073206,DR-01,Al Rawdah,REJECTED,ORD-3002
1771873073206,DR-02,Al Safa,RECEIVED,ORD-3186
1771873073206,DR-02,Al Safa,ASSIGNED,ORD-7229
1771873073208,DR-03,Al Hamra,RECEIVED,ORD-5598
1771873074006,DR-01,Al Rawdah,RECEIVED,ORD-6981
1771873074807,DR-01,Al Rawdah,RECEIVED,ORD-7359
1771873074807,DR-01,Al Rawdah,ASSIGNED,ORD-3504
1771873074808,DR-02,Al Safa,RECEIVED,ORD-6350
1771873074808,DR-02,Al Safa,IN_AIR,ORD-7229
1771873074810,DR-03,Al Hamra,ASSIGNED,ORD-3352
1771873075607,DR-01,Al Rawdah,RECEIVED,ORD-9207
1771873075607,DR-01,Al Rawdah,IN_AIR,ORD-3504
1771873279356,DR-03,Al Hamra,RECEIVED,ORD-2532
1771873279356,DR-03,Al Hamra,ASSIGNED,ORD-5047
1771873280158,DR-01,Al Rawdah,RECEIVED,ORD-8231
1771873280158,DR-01,Al Rawdah,ASSIGNED,ORD-8276
1771873280159,DR-03,Al Hamra,IN_AIR,ORD-5047
1771873280958,DR-01,Al Rawdah,IN_AIR,ORD-8276
1771873281758,DR-03,Al Hamra,RECEIVED,ORD-4160
1771873281758,DR-03,Al Hamra,DELIVERED,ORD-5047
1771873282559,DR-01,Al Rawdah,DELIVERED,ORD-8276
1771873282559,DR-02,Al Safa,RECEIVED,ORD-7059
1771873282559,DR-02,Al Safa,ASSIGNED,ORD-3371
1771873282560,DR-03,Al Hamra,RECEIVED,ORD-3471
1771873283360,DR-02,Al Safa,IN_AIR,ORD-3371
1771873284161,DR-02,Al Safa,RECEIVED,ORD-6192
1771873284161,DR-03,Al Hamra,RECEIVED,ORD-5293
1771873284161,DR-03,Al Hamra,ASSIGNED,ORD-6842
1771873284962,DR-02,Al Safa,DELIVERED,ORD-3371
1771873284963,DR-03,Al Hamra,IN_AIR,ORD-6842
1771873285763,DR-01,Al Rawdah,RECEIVED,ORD-5796
1771873285763,DR-01,Al Rawdah,ASSIGNED,ORD-6147
1771873285765,DR-03,Al Hamra,RECEIVED,ORD-3652
1771873285765,DR-03,Al Hamra,REJECTED,ORD-6842
1771873286564,DR-01,Al Rawdah,RECEIVED,ORD-2532
1771873286565,DR-03,Al Hamra,RECEIVED,ORD-8133
1771873287364,DR-01,Al Rawdah,IN_AIR,ORD-6147
1771873287366,DR-02,Al Safa,ASSIGNED,ORD-3177
1771873287366,DR-03,Al Hamra,ASSIGNED,ORD-5767
1771873288165,DR-02,Al Safa,IN_AIR,ORD-3177
1771873288165,DR-03,Al Hamra,RECEIVED,ORD-2421
1771873288165,DR-03,Al Hamra,IN_AIR,ORD-5767
1771873288965,DR-01,Al Rawdah,DELIVERED,ORD-6147
1771873288965,DR-02,Al Safa,DELIVERED,ORD-3177
1771873288967,DR-03,Al Hamra,RECEIVED,ORD-2715
1771873288967,DR-03,Al Hamra,DELIVERED,ORD-5767
1771873293447,DR-03,Al Hamra,RECEIVED,ORD-7891
1771873293447,DR-03,Al Hamra,ASSIGNED,ORD-9601
1771873294248,DR-02,Al Safa,RECEIVED,ORD-4233
1771873294248,DR-02,Al Safa,ASSIGNED,ORD-5881
1771873294250,DR-03,Al Hamra,RECEIVED,ORD-7886
1771873294250,DR-03,Al Hamra,IN_AIR,ORD-9601
1771873295049,DR-01,Al Rawdah,RECEIVED,ORD-1314
1771873295049,DR-01,Al Rawdah,ASSIGNED,ORD-5470
1771873295050,DR-02,Al Safa,RECEIVED,ORD-5752
1771873295050,DR-03,Al Hamra,RECEIVED,ORD-3213
1771873295050,DR-03,Al Hamra,DELIVERED,ORD-9601
1771873295849,DR-01,Al Rawdah,RECEIVED,ORD-2782
1771873295849,DR-01,Al Rawdah,IN_AIR,ORD-5470
1771873295850,DR-02,Al Safa,RECEIVED,ORD-8753
1771873331148,DR-01,Al Rawdah,RECEIVED,ORD-1848
1771873331148,DR-01,Al Rawdah,ASSIGNED,ORD-7528
1771873331157,DR-02,Al Safa,RECEIVED,ORD-5792
1771873331157,DR-02,Al Safa,ASSIGNED,ORD-6831
1771873331950,DR-02,Al Safa,IN_AIR,ORD-6831
1771873332751,DR-01,Al Rawdah,RECEIVED,ORD-8628
1771873332751,DR-02,Al Safa,RECEIVED,ORD-6684
1771873332751,DR-02,Al Safa,DELIVERED,ORD-6831
1771873332752,DR-03,Al Hamra,RECEIVED,ORD-7378
1771873332752,DR-03,Al Hamra,ASSIGNED,ORD-9959
1771873333553,DR-01,Al Rawdah,RECEIVED,ORD-3581
1771873333553,DR-01,Al Rawdah,IN_AIR,ORD-7528
1771873333554,DR-02,Al Safa,RECEIVED,ORD-8617
1771873333555,DR-03,Al Hamra,IN_AIR,ORD-9959
1771873334354,DR-01,Al Rawdah,RECEIVED,ORD-1828
1771873334354,DR-01,Al Rawdah,DELIVERED,ORD-7528
1771873334355,DR-02,Al Safa,RECEIVED,ORD-1701
1771873334356,DR-03,Al Hamra,REJECTED,ORD-9959
1771873337177,DR-02,Al Safa,RECEIVED,ORD-3768
1771873337177,DR-02,Al Safa,ASSIGNED,ORD-5784
1771873337992,DR-02,Al Safa,IN_AIR,ORD-5784
1771873338800,DR-01,Al Rawdah,RECEIVED,ORD-3350
1771873338800,DR-01,Al Rawdah,ASSIGNED,ORD-1124
1771873338802,DR-02,Al Safa,DELIVERED,ORD-5784
1771873338802,DR-03,Al Hamra,RECEIVED,ORD-9995
1771873338802,DR-03,Al Hamra,ASSIGNED,ORD-7038
1771873339681,DR-01,Al Rawdah,RECEIVED,ORD-4543
1771873339681,DR-01,Al Rawdah,IN_AIR,ORD-1124
1771873339684,DR-03,Al Hamra,RECEIVED,ORD-7296
1771873339684,DR-03,Al Hamra,IN_AIR,ORD-7038
1771873340485,DR-01,Al Rawdah,RECEIVED,ORD-3624
1771873340485,DR-01,Al Rawdah,REJECTED,ORD-1124
1771873340486,DR-03,Al Hamra,REJECTED,ORD-7038
1771873341298,DR-02,Al Safa,RECEIVED,ORD-9808
1771873341298,DR-02,Al Safa,ASSIGNED,ORD-9329
1771873341300,DR-03,Al Hamra,RECEIVED,ORD-7341
1771873342110,DR-01,Al Rawdah,RECEIVED,ORD-1860
1771873342110,DR-01,Al Rawdah,ASSIGNED,ORD-3445
1771873342111,DR-02,Al Safa,RECEIVED,ORD-6486
1771873342112,DR-03,Al Hamra,ASSIGNED,ORD-4944
1771873348828,DR-02,Al Safa,RECEIVED,ORD-2273
1771873348828,DR-02,Al Safa,ASSIGNED,ORD-4371
1771873349630,DR-01,Al Rawdah,RECEIVED,ORD-6028
1771873349630,DR-01,Al Rawdah,ASSIGNED,ORD-1172
1771873349631,DR-02,Al Safa,IN_AIR,ORD-4371
1771873350430,DR-01,Al Rawdah,IN_AIR,ORD-1172
1771873350431,DR-02,Al Safa,RECEIVED,ORD-4091
1771873350431,DR-02,Al Safa,DELIVERED,ORD-4371
1771873350434,DR-03,Al Hamra,RECEIVED,ORD-8040
1771873350434,DR-03,Al Hamra,ASSIGNED,ORD-4661
1771873351232,DR-01,Al Rawdah,REJECTED,ORD-1172
1771873351233,DR-03,Al Hamra,RECEIVED,ORD-3196
1771873351233,DR-03,Al Hamra,IN_AIR,ORD-4661
1771873352033,DR-02,Al Safa,ASSIGNED,ORD-2715
1771873352034,DR-03,Al Hamra,DELIVERED,ORD-4661
1771873352833,DR-01,Al Rawdah,RECEIVED,ORD-6125
1771873352833,DR-01,Al Rawdah,ASSIGNED,ORD-4875
1771873352835,DR-02,Al Safa,RECEIVED,ORD-4572
1771873352835,DR-02,Al Safa,IN_AIR,ORD-2715
1771873353634,DR-01,Al Rawdah,RECEIVED,ORD-4621
1771873353634,DR-01,Al Rawdah,IN_AIR,ORD-4875
1771873353636,DR-02,Al Safa,RECEIVED,ORD-8948
1771873353636,DR-02,Al Safa,DELIVERED,ORD-2715
1771873353637,DR-03,Al Hamra,ASSIGNED,ORD-4730
1771873354435,DR-01,Al Rawdah,RECEIVED,ORD-4159
1771873354435,DR-01,Al Rawdah,DELIVERED,ORD-4875
1771873354436,DR-03,Al Hamra,IN_AIR,ORD-4730
1771873355267,DR-01,Al Rawdah,RECEIVED,ORD-5451
1771873355269,DR-02,Al Safa,ASSIGNED,ORD-5766
1771873355269,DR-03,Al Hamra,DELIVERED,ORD-4730
1771873356069,DR-01,Al Rawdah,RECEIVED,ORD-6475
1771873356070,DR-02,Al Safa,RECEIVED,ORD-5500
1771873356869,DR-01,Al Rawdah,ASSIGNED,ORD-2598
1771873356870,DR-02,Al Safa,RECEIVED,ORD-1276
1771873356870,DR-02,Al Safa,IN_AIR,ORD-5766
1771873356871,DR-03,Al Hamra,RECEIVED,ORD-2320
1771873356871,DR-03,Al Hamra,ASSIGNED,ORD-5530
1771873357670,DR-01,Al Rawdah,RECEIVED,ORD-4536
1771873357670,DR-01,Al Rawdah,IN_AIR,ORD-2598
1771873357671,DR-02,Al Safa,RECEIVED,ORD-1870
1771873357671,DR-03,Al Hamra,RECEIVED,ORD-1835
1771873357671,DR-03,Al Hamra,IN_AIR,ORD-5530
1771873358472,DR-01,Al Rawdah,RECEIVED,ORD-7461
1771873358473,DR-02,Al Safa,RECEIVED,ORD-5121
1771873359273,DR-01,Al Rawdah,RECEIVED,ORD-9200
1771873359273,DR-01,Al Rawdah,DELIVERED,ORD-2598
1771873359274,DR-02,Al Safa,RECEIVED,ORD-8965
1771873359274,DR-02,Al Safa,REJECTED,ORD-5766
1771873359275,DR-03,Al Hamra,RECEIVED,ORD-3504
1771873360074,DR-03,Al Hamra,RECEIVED,ORD-5664
1771873360875,DR-01,Al Rawdah,ASSIGNED,ORD-8792
1771873360876,DR-02,Al Safa,ASSIGNED,ORD-7652
1771873360876,DR-03,Al Hamra,DELIVERED,ORD-5530
1771873361676,DR-01,Al Rawdah,IN_AIR,ORD-8792
1771873361677,DR-02,Al Safa,RECEIVED,ORD-4310
1771873361677,DR-02,Al Safa,IN_AIR,ORD-7652
1771873362476,DR-01,Al Rawdah,RECEIVED,ORD-5765
1771873362476,DR-03,Al Hamra,RECEIVED,ORD-9467
1771873362476,DR-03,Al Hamra,ASSIGNED,ORD-7228
1771873363276,DR-01,Al Rawdah,RECEIVED,ORD-9810
1771873363276,DR-01,Al Rawdah,DELIVERED,ORD-8792
1771873363277,DR-02,Al Safa,RECEIVED,ORD-7803
1771873363278,DR-03,Al Hamra,RECEIVED,ORD-6153
1771873363278,DR-03,Al Hamra,IN_AIR,ORD-7228
1771873364077,DR-03,Al Hamra,RECEIVED,ORD-1980
1771873364077,DR-03,Al Hamra,DELIVERED,ORD-7228
1771873364878,DR-01,Al Rawdah,RECEIVED,ORD-4011
1771873364879,DR-02,Al Safa,RECEIVED,ORD-5696
1771873364879,DR-02,Al Safa,REJECTED,ORD-7652
1771873364881,DR-03,Al Hamra,RECEIVED,ORD-1034
1771873365692,DR-03,Al Hamra,ASSIGNED,ORD-1600
1771873366493,DR-01,Al Rawdah,ASSIGNED,ORD-9537
1771873366494,DR-03,Al Hamra,IN_AIR,ORD-1600
1771873367295,DR-01,Al Rawdah,IN_AIR,ORD-9537
1771873367296,DR-02,Al Safa,RECEIVED,ORD-6291
1771873368095,DR-01,Al Rawdah,DELIVERED,ORD-9537
1771873368096,DR-02,Al Safa,ASSIGNED,ORD-2766
1771873368896,DR-02,Al Safa,RECEIVED,ORD-7167
1771873368896,DR-02,Al Safa,IN_AIR,ORD-2766
1771873368897,DR-03,Al Hamra,RECEIVED,ORD-3384
1771873368897,DR-03,Al Hamra,DELIVERED,ORD-1600
1771873369697,DR-01,Al Rawdah,ASSIGNED,ORD-8928
1771873369699,DR-02,Al Safa,RECEIVED,ORD-6930
1771873369700,DR-03,Al Hamra,RECEIVED,ORD-9891
1771873370498,DR-01,Al Rawdah,RECEIVED,ORD-1064
1771873370498,DR-01,Al Rawdah,IN_AIR,ORD-8928
1771873370500,DR-02,Al Safa,DELIVERED,ORD-2766
1771873370500,DR-03,Al Hamra,RECEIVED,ORD-7824
1771873370500,DR-03,Al Hamra,ASSIGNED,ORD-3416
1771873371299,DR-01,Al Rawdah,RECEIVED,ORD-9762
1771873371299,DR-01,Al Rawdah,REJECTED,ORD-8928
1771873371300,DR-02,Al Safa,RECEIVED,ORD-7295
1771873371301,DR-03,Al Hamra,RECEIVED,ORD-1125
1771873371301,DR-03,Al Hamra,IN_AIR,ORD-3416
1771873372100,DR-01,Al Rawdah,RECEIVED,ORD-1392
1771873372100,DR-02,Al Safa,RECEIVED,ORD-1126
1771873372100,DR-02,Al Safa,ASSIGNED,ORD-6684
1771873372102,DR-03,Al Hamra,RECEIVED,ORD-9815
1771873372900,DR-01,Al Rawdah,ASSIGNED,ORD-1135
1771873372901,DR-02,Al Safa,RECEIVED,ORD-4041
1771873372901,DR-03,Al Hamra,REJECTED,ORD-3416
1771873373701,DR-01,Al Rawdah,RECEIVED,ORD-5096
1771873373702,DR-03,Al Hamra,RECEIVED,ORD-2882
1771873374503,DR-03,Al Hamra,RECEIVED,ORD-6618
1771873374503,DR-03,Al Hamra,ASSIGNED,ORD-9164
1771873375303,DR-01,Al Rawdah,RECEIVED,ORD-9748
1771873375303,DR-03,Al Hamra,IN_AIR,ORD-9164
1771873376103,DR-02,Al Safa,IN_AIR,ORD-6684
1771873376103,DR-03,Al Hamra,DELIVERED,ORD-9164
1771873376904,DR-03,Al Hamra,RECEIVED,ORD-4064
1771873377705,DR-01,Al Rawdah,RECEIVED,ORD-8079
1771873377705,DR-01,Al Rawdah,IN_AIR,ORD-1135
1771873377706,DR-02,Al Safa,RECEIVED,ORD-6022
1771873377706,DR-02,Al Safa,REJECTED,ORD-6684
1771873377708,DR-03,Al Hamra,RECEIVED,ORD-4822
1771873377708,DR-03,Al Hamra,ASSIGNED,ORD-1145
1771873378505,DR-01,Al Rawdah,RECEIVED,ORD-4463
1771873378506,DR-02,Al Safa,RECEIVED,ORD-8095
1771873378506,DR-03,Al Hamra,RECEIVED,ORD-6040
1771873378506,DR-03,Al Hamra,IN_AIR,ORD-1145
1771873379305,DR-01,Al Rawdah,RECEIVED,ORD-2381
1771873379305,DR-02,Al Safa,ASSIGNED,ORD-4095
1771873379307,DR-03,Al Hamra,DELIVERED,ORD-1145
1771873380106,DR-01,Al Rawdah,DELIVERED,ORD-1135
1771873380107,DR-02,Al Safa,RECEIVED,ORD-2345
1771873380107,DR-02,Al Safa,IN_AIR,ORD-4095
1771873380109,DR-03,Al Hamra,RECEIVED,ORD-4680
1771873380916,DR-02,Al Safa,DELIVERED,ORD-4095
1771873380918,DR-03,Al Hamra,RECEIVED,ORD-3268
1771873381708,DR-01,Al Rawdah,ASSIGNED,ORD-2451
1771873381708,DR-03,Al Hamra,RECEIVED,ORD-7558
1771873382509,DR-02,Al Safa,RECEIVED,ORD-7967
1771873382509,DR-02,Al Safa,ASSIGNED,ORD-7504
1771873382511,DR-03,Al Hamra,ASSIGNED,ORD-9428
1771873383309,DR-01,Al Rawdah,RECEIVED,ORD-4612
1771873383309,DR-01,Al Rawdah,IN_AIR,ORD-2451
1771873383310,DR-03,Al Hamra,RECEIVED,ORD-9585
1771873384110,DR-01,Al Rawdah,DELIVERED,ORD-2451
1771873384110,DR-02,Al Safa,IN_AIR,ORD-7504
1771873384111,DR-03,Al Hamra,RECEIVED,ORD-5066
1771873384911,DR-02,Al Safa,DELIVERED,ORD-7504
1771873385712,DR-01,Al Rawdah,RECEIVED,ORD-6870
1771873385712,DR-01,Al Rawdah,ASSIGNED,ORD-5228
1771873385713,DR-03,Al Hamra,IN_AIR,ORD-9428
1771873386513,DR-02,Al Safa,ASSIGNED,ORD-1675
1771873386514,DR-03,Al Hamra,RECEIVED,ORD-2870
1771873386514,DR-03,Al Hamra,DELIVERED,ORD-9428
1771873387313,DR-01,Al Rawdah,IN_AIR,ORD-5228
1771873387313,DR-02,Al Safa,IN_AIR,ORD-1675
1771873387314,DR-03,Al Hamra,RECEIVED,ORD-9011
1771873388113,DR-01,Al Rawdah,DELIVERED,ORD-5228
1771873388113,DR-03,Al Hamra,RECEIVED,ORD-3311
1771873388113,DR-03,Al Hamra,ASSIGNED,ORD-3446
1771873389715,DR-01,Al Rawdah,RECEIVED,ORD-4597
1771873389715,DR-01,Al Rawdah,ASSIGNED,ORD-2301
1771873389716,DR-02,Al Safa,RECEIVED,ORD-6878
1771873390516,DR-01,Al Rawdah,RECEIVED,ORD-5407
1771873390516,DR-02,Al Safa,RECEIVED,ORD-7886
1771873390517,DR-03,Al Hamra,IN_AIR,ORD-3446
1771873391317,DR-02,Al Safa,DELIVERED,ORD-1675
1771873391318,DR-03,Al Hamra,DELIVERED,ORD-3446
1771873392119,DR-01,Al Rawdah,RECEIVED,ORD-3977
1771873392119,DR-03,Al Hamra,RECEIVED,ORD-6700
1771873392919,DR-01,Al Rawdah,RECEIVED,ORD-4958
1771873392919,DR-02,Al Safa,RECEIVED,ORD-1542
1771873392919,DR-02,Al Safa,ASSIGNED,ORD-6105
1771873392921,DR-03,Al Hamra,ASSIGNED,ORD-6636
1771873393720,DR-03,Al Hamra,RECEIVED,ORD-8520
1771873393720,DR-03,Al Hamra,IN_AIR,ORD-6636
1771873394520,DR-01,Al Rawdah,IN_AIR,ORD-2301
1771873394521,DR-02,Al Safa,RECEIVED,ORD-1823
1771873395321,DR-01,Al Rawdah,REJECTED,ORD-2301
1771873395321,DR-02,Al Safa,IN_AIR,ORD-6105
1771873396121,DR-03,Al Hamra,RECEIVED,ORD-8960
1771873396921,DR-01,Al Rawdah,ASSIGNED,ORD-6195
1771873396921,DR-02,Al Safa,RECEIVED,ORD-3785
1771873396921,DR-02,Al Safa,DELIVERED,ORD-6105
1771873396922,DR-03,Al Hamra,RECEIVED,ORD-4338
1771873396922,DR-03,Al Hamra,DELIVERED,ORD-6636
1771873397722,DR-01,Al Rawdah,RECEIVED,ORD-7701
1771873397722,DR-01,Al Rawdah,IN_AIR,ORD-6195
1771873398524,DR-01,Al Rawdah,RECEIVED,ORD-2727
1771873398524,DR-01,Al Rawdah,DELIVERED,ORD-6195
1771873398525,DR-02,Al Safa,RECEIVED,ORD-5449
1771873398525,DR-02,Al Safa,ASSIGNED,ORD-2158
1771873398526,DR-03,Al Hamra,RECEIVED,ORD-9822
1771873398526,DR-03,Al Hamra,ASSIGNED,ORD-2316
1771873399324,DR-02,Al Safa,IN_AIR,ORD-2158
1771873399325,DR-03,Al Hamra,RECEIVED,ORD-1431
1771873400125,DR-01,Al Rawdah,RECEIVED,ORD-2350
1771873400125,DR-01,Al Rawdah,ASSIGNED,ORD-7490
1771873400126,DR-03,Al Hamra,RECEIVED,ORD-1753
1771873400126,DR-03,Al Hamra,IN_AIR,ORD-2316
1771873400925,DR-01,Al Rawdah,RECEIVED,ORD-7468
1771873400926,DR-02,Al Safa,DELIVERED,ORD-2158
1771873400926,DR-03,Al Hamra,RECEIVED,ORD-6348
1771873401726,DR-01,Al Rawdah,RECEIVED,ORD-5563
1771873401727,DR-03,Al Hamra,RECEIVED,ORD-7160
1771873402526,DR-02,Al Safa,ASSIGNED,ORD-6986
1771873402526,DR-03,Al Hamra,DELIVERED,ORD-2316
1771873403327,DR-01,Al Rawdah,RECEIVED,ORD-1930
1771873403328,DR-02,Al Safa,IN_AIR,ORD-6986
1771873403328,DR-03,Al Hamra,RECEIVED,ORD-6059
1771873404128,DR-01,Al Rawdah,IN_AIR,ORD-7490
1771873404128,DR-03,Al Hamra,RECEIVED,ORD-6782
1771873404128,DR-03,Al Hamra,ASSIGNED,ORD-3857
1771873404928,DR-01,Al Rawdah,REJECTED,ORD-7490
1771873404928,DR-02,Al Safa,RECEIVED,ORD-6044
1771873404928,DR-02,Al Safa,REJECTED,ORD-6986
1771873404930,DR-03,Al Hamra,IN_AIR,ORD-3857
1771873405729,DR-02,Al Safa,RECEIVED,ORD-4159
1771873405730,DR-03,Al Hamra,RECEIVED,ORD-3768
1771873406530,DR-01,Al Rawdah,ASSIGNED,ORD-6905
1771873406530,DR-02,Al Safa,ASSIGNED,ORD-9830
1771873406531,DR-03,Al Hamra,DELIVERED,ORD-3857
1771873407330,DR-01,Al Rawdah,IN_AIR,ORD-6905
1771873407330,DR-02,Al Safa,IN_AIR,ORD-9830
1771873408131,DR-01,Al Rawdah,RECEIVED,ORD-9661
1771873408132,DR-02,Al Safa,DELIVERED,ORD-9830
1771873408132,DR-03,Al Hamra,RECEIVED,ORD-6277
1771873408132,DR-03,Al Hamra,ASSIGNED,ORD-6973
1771873408932,DR-01,Al Rawdah,RECEIVED,ORD-3230
1771873408933,DR-03,Al Hamra,RECEIVED,ORD-8472
1771873408933,DR-03,Al Hamra,IN_AIR,ORD-6973
1771873409733,DR-02,Al Safa,RECEIVED,ORD-8161
1771873409733,DR-02,Al Safa,ASSIGNED,ORD-4451
1771873410535,DR-03,Al Hamra,RECEIVED,ORD-3812
1771873411336,DR-01,Al Rawdah,DELIVERED,ORD-6905
1771873411337,DR-02,Al Safa,RECEIVED,ORD-5058
1771873411337,DR-02,Al Safa,IN_AIR,ORD-4451
1771873411338,DR-03,Al Hamra,DELIVERED,ORD-6973
1771873412136,DR-02,Al Safa,RECEIVED,ORD-7363
1771873412938,DR-01,Al Rawdah,ASSIGNED,ORD-9479
1771873412938,DR-02,Al Safa,RECEIVED,ORD-8425
1771873412938,DR-02,Al Safa,DELIVERED,ORD-4451
1771873412941,DR-03,Al Hamra,RECEIVED,ORD-5999
1771873412941,DR-03,Al Hamra,ASSIGNED,ORD-4547
1771873413740,DR-03,Al Hamra,IN_AIR,ORD-4547
1771873414541,DR-01,Al Rawdah,RECEIVED,ORD-2681
1771873414542,DR-02,Al Safa,RECEIVED,ORD-5050
1771873415342,DR-01,Al Rawdah,IN_AIR,ORD-9479
1771873415343,DR-02,Al Safa,ASSIGNED,ORD-8824
1771873415343,DR-03,Al Hamra,DELIVERED,ORD-4547
1771873416143,DR-01,Al Rawdah,RECEIVED,ORD-9919
1771873416144,DR-02,Al Safa,RECEIVED,ORD-5628
1771873416145,DR-03,Al Hamra,RECEIVED,ORD-7881
1771873416944,DR-01,Al Rawdah,RECEIVED,ORD-6972
1771873416944,DR-01,Al Rawdah,REJECTED,ORD-9479
1771873416945,DR-03,Al Hamra,ASSIGNED,ORD-4433
1771873417744,DR-02,Al Safa,RECEIVED,ORD-9864
1771873417744,DR-02,Al Safa,IN_AIR,ORD-8824
1771873417745,DR-03,Al Hamra,IN_AIR,ORD-4433
1771873418544,DR-01,Al Rawdah,RECEIVED,ORD-2716
1771873418545,DR-02,Al Safa,DELIVERED,ORD-8824
1771873418545,DR-03,Al Hamra,RECEIVED,ORD-3908
1771873418545,DR-03,Al Hamra,REJECTED,ORD-4433
1771873419345,DR-01,Al Rawdah,ASSIGNED,ORD-5525
1771873420146,DR-01,Al Rawdah,RECEIVED,ORD-9003
1771873420146,DR-01,Al Rawdah,IN_AIR,ORD-5525
1771873420148,DR-02,Al Safa,RECEIVED,ORD-4227
1771873420148,DR-02,Al Safa,ASSIGNED,ORD-1515
1771873420149,DR-03,Al Hamra,RECEIVED,ORD-5311
1771873420149,DR-03,Al Hamra,ASSIGNED,ORD-3835
1771873420946,DR-02,Al Safa,IN_AIR,ORD-1515
1771873420946,DR-03,Al Hamra,RECEIVED,ORD-5539
1771873421747,DR-01,Al Rawdah,DELIVERED,ORD-5525
1771873421747,DR-02,Al Safa,DELIVERED,ORD-1515
1771873421748,DR-03,Al Hamra,IN_AIR,ORD-3835
1771873423351,DR-01,Al Rawdah,RECEIVED,ORD-2919
1771873423351,DR-01,Al Rawdah,ASSIGNED,ORD-8737
1771873423352,DR-02,Al Safa,RECEIVED,ORD-3346
1771873423352,DR-02,Al Safa,ASSIGNED,ORD-2185
1771873423353,DR-03,Al Hamra,DELIVERED,ORD-3835
1771873424152,DR-01,Al Rawdah,IN_AIR,ORD-8737
1771873424152,DR-02,Al Safa,RECEIVED,ORD-2312
1771873424954,DR-01,Al Rawdah,REJECTED,ORD-8737
1771873424954,DR-02,Al Safa,RECEIVED,ORD-1717
1771873425770,DR-03,Al Hamra,ASSIGNED,ORD-6771
1771873426576,DR-01,Al Rawdah,ASSIGNED,ORD-1085
1771873426576,DR-02,Al Safa,IN_AIR,ORD-2185
1771873427378,DR-01,Al Rawdah,IN_AIR,ORD-1085
1771873427378,DR-02,Al Safa,DELIVERED,ORD-2185
1771873427379,DR-03,Al Hamra,IN_AIR,ORD-6771
1771873428192,DR-01,Al Rawdah,RECEIVED,ORD-2574
1771873428192,DR-01,Al Rawdah,DELIVERED,ORD-1085
1771873428193,DR-03,Al Hamra,DELIVERED,ORD-6771
1771873429000,DR-02,Al Safa,ASSIGNED,ORD-3886
1771873429814,DR-01,Al Rawdah,ASSIGNED,ORD-6232
1771873429814,DR-02,Al Safa,RECEIVED,ORD-7638
1771873429815,DR-03,Al Hamra,ASSIGNED,ORD-5979
1771873430626,DR-02,Al Safa,IN_AIR,ORD-3886
1771873430626,DR-03,Al Hamra,IN_AIR,ORD-5979
1771873431438,DR-01,Al Rawdah,RECEIVED,ORD-8739
1771873431438,DR-01,Al Rawdah,IN_AIR,ORD-6232
1771873431439,DR-03,Al Hamra,RECEIVED,ORD-7357
1771873431439,DR-03,Al Hamra,DELIVERED,ORD-5979
1771873433063,DR-01,Al Rawdah,DELIVERED,ORD-6232
1771873433064,DR-02,Al Safa,RECEIVED,ORD-2571
1771873433064,DR-02,Al Safa,REJECTED,ORD-3886
1771873433065,DR-03,Al Hamra,ASSIGNED,ORD-7586
1771873433877,DR-03,Al Hamra,IN_AIR,ORD-7586
1771873434687,DR-01,Al Rawdah,RECEIVED,ORD-9433
1771873434687,DR-01,Al Rawdah,ASSIGNED,ORD-5603
1771873434688,DR-02,Al Safa,ASSIGNED,ORD-7397
1771873434689,DR-03,Al Hamra,REJECTED,ORD-7586
1771873435499,DR-01,Al Rawdah,IN_AIR,ORD-5603
1771873435499,DR-02,Al Safa,IN_AIR,ORD-7397
1771873435500,DR-03,Al Hamra,RECEIVED,ORD-7084
1771873436301,DR-01,Al Rawdah,DELIVERED,ORD-5603
1771873436302,DR-02,Al Safa,RECEIVED,ORD-4152
1771873436302,DR-02,Al Safa,DELIVERED,ORD-7397
1771873436304,DR-03,Al Hamra,ASSIGNED,ORD-7728
1771873437154,DR-01,Al Rawdah,RECEIVED,ORD-5628
1771873437155,DR-02,Al Safa,RECEIVED,ORD-7079
1771873437921,DR-01,Al Rawdah,RECEIVED,ORD-2903
1771873437921,DR-01,Al Rawdah,ASSIGNED,ORD-8992
1771873437922,DR-02,Al Safa,ASSIGNED,ORD-8885
1771873438734,DR-01,Al Rawdah,RECEIVED,ORD-6890
1771873438734,DR-01,Al Rawdah,IN_AIR,ORD-8992
1771873439548,DR-02,Al Safa,RECEIVED,ORD-3113
1771873439548,DR-02,Al Safa,IN_AIR,ORD-8885
1771873439549,DR-03,Al Hamra,RECEIVED,ORD-4069
1771873439549,DR-03,Al Hamra,IN_AIR,ORD-7728
1771873440361,DR-02,Al Safa,DELIVERED,ORD-8885
1771873440362,DR-03,Al Hamra,DELIVERED,ORD-7728
1771873441170,DR-01,Al Rawdah,RECEIVED,ORD-6412
1771873441170,DR-01,Al Rawdah,DELIVERED,ORD-8992
1771873441172,DR-02,Al Safa,RECEIVED,ORD-5913
1771873441172,DR-03,Al Hamra,RECEIVED,ORD-1083
1771873441982,DR-02,Al Safa,RECEIVED,ORD-4240
1771873441982,DR-02,Al Safa,ASSIGNED,ORD-7618
1771873442795,DR-02,Al Safa,IN_AIR,ORD-7618
1771873442796,DR-03,Al Hamra,ASSIGNED,ORD-3439
1771873443609,DR-01,Al Rawdah,ASSIGNED,ORD-2468
1771873443610,DR-02,Al Safa,DELIVERED,ORD-7618
1771873443610,DR-03,Al Hamra,IN_AIR,ORD-3439
1771873444413,DR-01,Al Rawdah,RECEIVED,ORD-1460
1771873445222,DR-01,Al Rawdah,IN_AIR,ORD-2468
1771873445222,DR-03,Al Hamra,RECEIVED,ORD-7931
1771873445222,DR-03,Al Hamra,REJECTED,ORD-3439
1771873446030,DR-02,Al Safa,ASSIGNED,ORD-7420
1771873446844,DR-01,Al Rawdah,RECEIVED,ORD-2703
1771873446844,DR-01,Al Rawdah,DELIVERED,ORD-2468
1771873446845,DR-02,Al Safa,IN_AIR,ORD-7420
1771873446845,DR-03,Al Hamra,RECEIVED,ORD-3477
1771873447657,DR-01,Al Rawdah,RECEIVED,ORD-2929
1771873447658,DR-02,Al Safa,DELIVERED,ORD-7420
1771873447659,DR-03,Al Hamra,ASSIGNED,ORD-7964
1771873448467,DR-01,Al Rawdah,ASSIGNED,ORD-3350
1771873448468,DR-03,Al Hamra,IN_AIR,ORD-7964
1771873449277,DR-01,Al Rawdah,IN_AIR,ORD-3350
1771873449277,DR-02,Al Safa,RECEIVED,ORD-3080
1771873449277,DR-02,Al Safa,ASSIGNED,ORD-3068
1771873449278,DR-03,Al Hamra,RECEIVED,ORD-8580
1771873450089,DR-01,Al Rawdah,RECEIVED,ORD-5068
1771873450089,DR-01,Al Rawdah,REJECTED,ORD-3350
1771873450090,DR-02,Al Safa,RECEIVED,ORD-5653
1771873450090,DR-02,Al Safa,IN_AIR,ORD-3068
1771873450092,DR-03,Al Hamra,RECEIVED,ORD-7552
1771873450092,DR-03,Al Hamra,DELIVERED,ORD-7964
1771873450903,DR-02,Al Safa,DELIVERED,ORD-3068
1771873450903,DR-03,Al Hamra,RECEIVED,ORD-6925
1771873451715,DR-01,Al Rawdah,ASSIGNED,ORD-6017
1771873452529,DR-02,Al Safa,ASSIGNED,ORD-9186
1771873452530,DR-03,Al Hamra,ASSIGNED,ORD-3521
1771873453341,DR-02,Al Safa,IN_AIR,ORD-9186
1771873453341,DR-03,Al Hamra,RECEIVED,ORD-1143
1771873454150,DR-01,Al Rawdah,RECEIVED,ORD-9907
1771873454150,DR-01,Al Rawdah,IN_AIR,ORD-6017
1771873454151,DR-02,Al Safa,RECEIVED,ORD-3152
1771873454152,DR-03,Al Hamra,IN_AIR,ORD-3521
1771873454958,DR-01,Al Rawdah,DELIVERED,ORD-6017
1771873454958,DR-02,Al Safa,RECEIVED,ORD-6320
1771873454958,DR-02,Al Safa,DELIVERED,ORD-9186
1771873455765,DR-03,Al Hamra,RECEIVED,ORD-6239
1771873456575,DR-01,Al Rawdah,RECEIVED,ORD-9519
1771873456575,DR-01,Al Rawdah,ASSIGNED,ORD-9690
1771873456576,DR-02,Al Safa,ASSIGNED,ORD-7677
1771873456577,DR-03,Al Hamra,DELIVERED,ORD-3521
1771873457377,DR-02,Al Safa,RECEIVED,ORD-2342
1771873457377,DR-02,Al Safa,IN_AIR,ORD-7677
1771873458187,DR-01,Al Rawdah,IN_AIR,ORD-9690
1771873458188,DR-02,Al Safa,DELIVERED,ORD-7677
1771873458188,DR-03,Al Hamra,ASSIGNED,ORD-9511
1771873458997,DR-03,Al Hamra,IN_AIR,ORD-9511
1771873459807,DR-01,Al Rawdah,RECEIVED,ORD-1527
1771873459809,DR-02,Al Safa,RECEIVED,ORD-4111
1771873459809,DR-03,Al Hamra,REJECTED,ORD-9511
1771873460617,DR-01,Al Rawdah,REJECTED,ORD-9690
1771873460618,DR-02,Al Safa,ASSIGNED,ORD-5095
1771873461429,DR-02,Al Safa,RECEIVED,ORD-5096
1771873461429,DR-02,Al Safa,IN_AIR,ORD-5095
1771873461430,DR-03,Al Hamra,RECEIVED,ORD-9480
1771873461430,DR-03,Al Hamra,ASSIGNED,ORD-5642
1771873462232,DR-01,Al Rawdah,RECEIVED,ORD-1736
1771873462232,DR-01,Al Rawdah,ASSIGNED,ORD-9221
1771873462233,DR-02,Al Safa,DELIVERED,ORD-5095
1771873462234,DR-03,Al Hamra,RECEIVED,ORD-3133
1771873462234,DR-03,Al Hamra,IN_AIR,ORD-5642
1771873463042,DR-03,Al Hamra,DELIVERED,ORD-5642
1771873463853,DR-02,Al Safa,ASSIGNED,ORD-1116
1771873464668,DR-01,Al Rawdah,IN_AIR,ORD-9221
1771873464669,DR-02,Al Safa,IN_AIR,ORD-1116
1771873464669,DR-03,Al Hamra,RECEIVED,ORD-7030
1771873465479,DR-03,Al Hamra,RECEIVED,ORD-3663
1771873465479,DR-03,Al Hamra,ASSIGNED,ORD-4267
1771873466292,DR-01,Al Rawdah,RECEIVED,ORD-8735
1771873466292,DR-01,Al Rawdah,DELIVERED,ORD-9221
1771873466293,DR-02,Al Safa,DELIVERED,ORD-1116
1771873466294,DR-03,Al Hamra,IN_AIR,ORD-4267
1771873467100,DR-03,Al Hamra,DELIVERED,ORD-4267
1771873467913,DR-02,Al Safa,ASSIGNED,ORD-2585
1771873467914,DR-03,Al Hamra,RECEIVED,ORD-3503
1771873468724,DR-01,Al Rawdah,ASSIGNED,ORD-6960
1771873468724,DR-03,Al Hamra,ASSIGNED,ORD-5675
1771873469536,DR-01,Al Rawdah,RECEIVED,ORD-3917
1771873469536,DR-01,Al Rawdah,IN_AIR,ORD-6960
1771873469537,DR-02,Al Safa,IN_AIR,ORD-2585
1771873469537,DR-03,Al Hamra,RECEIVED,ORD-5029
1771873469537,DR-03,Al Hamra,IN_AIR,ORD-5675
1771873470347,DR-02,Al Safa,DELIVERED,ORD-2585
1771873470348,DR-03,Al Hamra,DELIVERED,ORD-5675
1771873471160,DR-01,Al Rawdah,RECEIVED,ORD-6186
1771873471160,DR-01,Al Rawdah,REJECTED,ORD-6960
1771873471161,DR-02,Al Safa,RECEIVED,ORD-5033
1771873471972,DR-02,Al Safa,ASSIGNED,ORD-3075
1771873472781,DR-01,Al Rawdah,RECEIVED,ORD-2816
1771873472781,DR-01,Al Rawdah,ASSIGNED,ORD-6290
1771873472782,DR-03,Al Hamra,ASSIGNED,ORD-5264
1771873473591,DR-01,Al Rawdah,IN_AIR,ORD-6290
1771873473591,DR-02,Al Safa,IN_AIR,ORD-3075
1771873473594,DR-03,Al Hamra,IN_AIR,ORD-5264
1771873474405,DR-01,Al Rawdah,DELIVERED,ORD-6290
1771873475217,DR-02,Al Safa,RECEIVED,ORD-3596
1771873475217,DR-03,Al Hamra,DELIVERED,ORD-5264
1771873476029,DR-01,Al Rawdah,RECEIVED,ORD-2334
1771873476029,DR-01,Al Rawdah,ASSIGNED,ORD-5266
1771873476030,DR-02,Al Safa,RECEIVED,ORD-6058
1771873476030,DR-02,Al Safa,DELIVERED,ORD-3075
1771873476841,DR-01,Al Rawdah,RECEIVED,ORD-3365
1771873476841,DR-01,Al Rawdah,IN_AIR,ORD-5266
1771873476842,DR-03,Al Hamra,RECEIVED,ORD-2199
1771873476842,DR-03,Al Hamra,ASSIGNED,ORD-8976
1771873477652,DR-01,Al Rawdah,RECEIVED,ORD-1043
1771873477652,DR-01,Al Rawdah,DELIVERED,ORD-5266
1771873477653,DR-02,Al Safa,RECEIVED,ORD-6542
1771873477653,DR-02,Al Safa,ASSIGNED,ORD-1072
1771873478464,DR-01,Al Rawdah,RECEIVED,ORD-1293
1771873478464,DR-02,Al Safa,IN_AIR,ORD-1072
1771873478466,DR-03,Al Hamra,RECEIVED,ORD-6182
1771873479272,DR-01,Al Rawdah,ASSIGNED,ORD-4654
1771873479272,DR-02,Al Safa,RECEIVED,ORD-1729
1771873479272,DR-02,Al Safa,DELIVERED,ORD-1072
1771873479273,DR-03,Al Hamra,IN_AIR,ORD-8976
1771873480080,DR-01,Al Rawdah,IN_AIR,ORD-4654
1771873480894,DR-02,Al Safa,RECEIVED,ORD-4999
1771873480894,DR-02,Al Safa,ASSIGNED,ORD-9889
1771873480895,DR-03,Al Hamra,DELIVERED,ORD-8976
1771873481707,DR-01,Al Rawdah,RECEIVED,ORD-4694
1771873481707,DR-03,Al Hamra,RECEIVED,ORD-5861
1771873482519,DR-03,Al Hamra,ASSIGNED,ORD-2766
1771873483328,DR-01,Al Rawdah,DELIVERED,ORD-4654
1771873483329,DR-02,Al Safa,IN_AIR,ORD-9889
1771873483329,DR-03,Al Hamra,IN_AIR,ORD-2766
1771873484137,DR-02,Al Safa,DELIVERED,ORD-9889
1771873484137,DR-03,Al Hamra,RECEIVED,ORD-3206
1771873484137,DR-03,Al Hamra,DELIVERED,ORD-2766
1771873484938,DR-01,Al Rawdah,RECEIVED,ORD-4902
1771873484938,DR-01,Al Rawdah,ASSIGNED,ORD-7051
1771873485750,DR-01,Al Rawdah,IN_AIR,ORD-7051
1771873485750,DR-02,Al Safa,ASSIGNED,ORD-6160
1771873485752,DR-03,Al Hamra,ASSIGNED,ORD-1437
1771873486561,DR-01,Al Rawdah,DELIVERED,ORD-7051
1771873486563,DR-03,Al Hamra,RECEIVED,ORD-3092
1771873486563,DR-03,Al Hamra,IN_AIR,ORD-1437
1771873493824,DR-02,Al Safa,RECEIVED,ORD-6809
1771873493824,DR-02,Al Safa,ASSIGNED,ORD-7504
1771873494624,DR-01,Al Rawdah,RECEIVED,ORD-1557
1771873494624,DR-01,Al Rawdah,ASSIGNED,ORD-1556
1771873494625,DR-02,Al Safa,RECEIVED,ORD-9959
1771873494625,DR-02,Al Safa,IN_AIR,ORD-7504
1771873497478,DR-02,Al Safa,RECEIVED,ORD-3856
1771873497478,DR-02,Al Safa,ASSIGNED,ORD-6419
1771873497479,DR-03,Al Hamra,RECEIVED,ORD-6382
1771873497479,DR-03,Al Hamra,ASSIGNED,ORD-5861
1771873665920,DR-01,Al Rawdah,RECEIVED,ORD-7368
1771873665920,DR-01,Al Rawdah,ASSIGNED,ORD-4634
1771873665928,DR-03,Al Hamra,RECEIVED,ORD-8088
1771873665928,DR-03,Al Hamra,ASSIGNED,ORD-4905
1771873666721,DR-01,Al Rawdah,IN_AIR,ORD-4634
1771873666721,DR-03,Al Hamra,RECEIVED,ORD-7479
1771873669249,DR-03,Al Hamra,RECEIVED,ORD-3509
1771873669249,DR-03,Al Hamra,ASSIGNED,ORD-8943
1771873670049,DR-02,Al Safa,RECEIVED,ORD-1358
1771873670049,DR-02,Al Safa,ASSIGNED,ORD-5777
1771873670050,DR-03,Al Hamra,IN_AIR,ORD-8943
1771873670849,DR-01,Al Rawdah,RECEIVED,ORD-2229
1771873670849,DR-01,Al Rawdah,ASSIGNED,ORD-9005
1771873670850,DR-02,Al Safa,IN_AIR,ORD-5777
1771873670850,DR-03,Al Hamra,RECEIVED,ORD-3578
1771873677086,DR-02,Al Safa,RECEIVED,ORD-6704
1771873677086,DR-02,Al Safa,ASSIGNED,ORD-9147
1771873677087,DR-03,Al Hamra,RECEIVED,ORD-1714
1771873677087,DR-03,Al Hamra,ASSIGNED,ORD-4065
1771873677887,DR-03,Al Hamra,IN_AIR,ORD-4065
1771874674970,DR-01,Al Rawdah,RECEIVED,ORD-5534
1771874674970,DR-01,Al Rawdah,ASSIGNED,ORD-1254
1771874675796,DR-01,Al Rawdah,RECEIVED,ORD-4141
1771874675796,DR-01,Al Rawdah,IN_AIR,ORD-1254
1771874675798,DR-02,Al Safa,RECEIVED,ORD-7138
1771874675798,DR-02,Al Safa,ASSIGNED,ORD-3840
1771874675799,DR-03,Al Hamra,RECEIVED,ORD-6551
1771874675799,DR-03,Al Hamra,ASSIGNED,ORD-1640
1771874676563,DR-01,Al Rawdah,RECEIVED,ORD-7207
1771874676563,DR-02,Al Safa,IN_AIR,ORD-3840
1771874676564,DR-03,Al Hamra,RECEIVED,ORD-9079
1771874676564,DR-03,Al Hamra,IN_AIR,ORD-1640
1771874677363,DR-01,Al Rawdah,DELIVERED,ORD-1254
1771874677363,DR-03,Al Hamra,REJECTED,ORD-1640
1771874678164,DR-02,Al Safa,RECEIVED,ORD-8071
1771874678164,DR-02,Al Safa,DELIVERED,ORD-3840
1771874678976,DR-01,Al Rawdah,ASSIGNED,ORD-6997
1771874678978,DR-03,Al Hamra,RECEIVED,ORD-6050
1771874678978,DR-03,Al Hamra,ASSIGNED,ORD-8811
1771874679767,DR-01,Al Rawdah,IN_AIR,ORD-6997
1771874679767,DR-02,Al Safa,RECEIVED,ORD-4613
1771874679767,DR-02,Al Safa,ASSIGNED,ORD-9904
1771874679769,DR-03,Al Hamra,RECEIVED,ORD-1212
1771874679769,DR-03,Al Hamra,IN_AIR,ORD-8811
1771874680567,DR-01,Al Rawdah,DELIVERED,ORD-6997
1771874680568,DR-03,Al Hamra,DELIVERED,ORD-8811
1771874681368,DR-01,Al Rawdah,RECEIVED,ORD-8877
1771874681368,DR-02,Al Safa,IN_AIR,ORD-9904
1771874733026,DR-02,Al Safa,RECEIVED,ORD-6236
1771874733026,DR-02,Al Safa,ASSIGNED,ORD-3919
1771874734596,DR-02,Al Safa,IN_AIR,ORD-3919
1771874734597,DR-03,Al Hamra,RECEIVED,ORD-9348
1771874734597,DR-03,Al Hamra,ASSIGNED,ORD-7578
1771874735397,DR-03,Al Hamra,RECEIVED,ORD-3777
1771874736197,DR-03,Al Hamra,IN_AIR,ORD-7578
1771874749452,DR-01,Al Rawdah,RECEIVED,ORD-9797
1771874749452,DR-01,Al Rawdah,ASSIGNED,ORD-5089
1771874749453,DR-02,Al Safa,RECEIVED,ORD-6933
1771874749453,DR-02,Al Safa,ASSIGNED,ORD-7998
1771874749454,DR-03,Al Hamra,RECEIVED,ORD-7635
1771874749454,DR-03,Al Hamra,ASSIGNED,ORD-1253
1771874750252,DR-02,Al Safa,IN_AIR,ORD-7998
1771874751053,DR-01,Al Rawdah,IN_AIR,ORD-5089
1771874751053,DR-02,Al Safa,REJECTED,ORD-7998
1771874751853,DR-01,Al Rawdah,RECEIVED,ORD-2462
1771874751853,DR-01,Al Rawdah,DELIVERED,ORD-5089
1771874751854,DR-03,Al Hamra,RECEIVED,ORD-4460
1771874751854,DR-03,Al Hamra,IN_AIR,ORD-1253
1771875176786,DR-02,Al Safa,RECEIVED,ORD-3343
1771875176786,DR-02,Al Safa,ASSIGNED,ORD-7031
1771875176791,DR-03,Al Hamra,RECEIVED,ORD-6873
1771875176791,DR-03,Al Hamra,ASSIGNED,ORD-2117
1771875177575,DR-01,Al Rawdah,RECEIVED,ORD-2392
1771875177575,DR-01,Al Rawdah,ASSIGNED,ORD-8735
1771875177576,DR-02,Al Safa,IN_AIR,ORD-7031
1771875177577,DR-03,Al Hamra,IN_AIR,ORD-2117
1771875178376,DR-01,Al Rawdah,IN_AIR,ORD-8735
1771875178376,DR-03,Al Hamra,RECEIVED,ORD-5482
1771875178376,DR-03,Al Hamra,REJECTED,ORD-2117
1771875179177,DR-01,Al Rawdah,DELIVERED,ORD-8735
1771875179177,DR-02,Al Safa,RECEIVED,ORD-2501
1771875179177,DR-02,Al Safa,DELIVERED,ORD-7031
1771875179978,DR-03,Al Hamra,ASSIGNED,ORD-2055
1771875180779,DR-02,Al Safa,ASSIGNED,ORD-4625
1771875181580,DR-01,Al Rawdah,RECEIVED,ORD-2797
1771875181580,DR-01,Al Rawdah,ASSIGNED,ORD-7082
1771875181581,DR-02,Al Safa,RECEIVED,ORD-8304
1771875181582,DR-03,Al Hamra,RECEIVED,ORD-9946
1771875182381,DR-01,Al Rawdah,IN_AIR,ORD-7082
1771875182381,DR-02,Al Safa,IN_AIR,ORD-4625
1771875182382,DR-03,Al Hamra,IN_AIR,ORD-2055
1771875458401,DR-02,Al Safa,RECEIVED,ORD-3283
1771875458401,DR-02,Al Safa,ASSIGNED,ORD-6130
1771875459193,DR-01,Al Rawdah,RECEIVED,ORD-8836
1771875459193,DR-01,Al Rawdah,ASSIGNED,ORD-9805
1771875459194,DR-02,Al Safa,RECEIVED,ORD-6394
1771875459194,DR-03,Al Hamra,RECEIVED,ORD-7585
1771875459194,DR-03,Al Hamra,ASSIGNED,ORD-4493
1771875459994,DR-01,Al Rawdah,IN_AIR,ORD-9805
1771875459994,DR-02,Al Safa,IN_AIR,ORD-6130
1771875460795,DR-01,Al Rawdah,DELIVERED,ORD-9805
1771875460795,DR-02,Al Safa,RECEIVED,ORD-4094
1771875460795,DR-02,Al Safa,DELIVERED,ORD-6130
1771875460796,DR-03,Al Hamra,RECEIVED,ORD-5481
1771875461595,DR-01,Al Rawdah,RECEIVED,ORD-7613
1771875461595,DR-02,Al Safa,RECEIVED,ORD-2825
1771875461596,DR-03,Al Hamra,RECEIVED,ORD-9975
1771875461596,DR-03,Al Hamra,IN_AIR,ORD-4493
1771875462396,DR-01,Al Rawdah,RECEIVED,ORD-8159
1771875462396,DR-01,Al Rawdah,ASSIGNED,ORD-3725
1771875462397,DR-02,Al Safa,RECEIVED,ORD-2125
1771875462397,DR-02,Al Safa,ASSIGNED,ORD-5533
1771875462398,DR-03,Al Hamra,RECEIVED,ORD-3823
1771875462398,DR-03,Al Hamra,DELIVERED,ORD-4493
1771875463196,DR-01,Al Rawdah,RECEIVED,ORD-3907
1771875463196,DR-01,Al Rawdah,IN_AIR,ORD-3725
1771875463197,DR-02,Al Safa,IN_AIR,ORD-5533
1771875463996,DR-02,Al Safa,RECEIVED,ORD-9266
1771875463996,DR-02,Al Safa,REJECTED,ORD-5533
1771875463997,DR-03,Al Hamra,ASSIGNED,ORD-6889
1771875464796,DR-01,Al Rawdah,DELIVERED,ORD-3725
1771875464797,DR-02,Al Safa,RECEIVED,ORD-1053
1771875464797,DR-03,Al Hamra,IN_AIR,ORD-6889
1771875465598,DR-02,Al Safa,RECEIVED,ORD-5182
1771875465598,DR-02,Al Safa,ASSIGNED,ORD-5937
1771875465599,DR-03,Al Hamra,RECEIVED,ORD-8260
1771875465599,DR-03,Al Hamra,DELIVERED,ORD-6889
1771875466398,DR-01,Al Rawdah,RECEIVED,ORD-6404
1771875466398,DR-01,Al Rawdah,ASSIGNED,ORD-9736
1771875467198,DR-01,Al Rawdah,IN_AIR,ORD-9736
1771875496335,DR-02,Al Safa,RECEIVED,ORD-8304
1771875496335,DR-02,Al Safa,ASSIGNED,ORD-9666
1771875497135,DR-02,Al Safa,IN_AIR,ORD-9666
1771875498738,DR-02,Al Safa,DELIVERED,ORD-9666
1771875498738,DR-03,Al Hamra,RECEIVED,ORD-2354
1771875498738,DR-03,Al Hamra,ASSIGNED,ORD-6028
1771875499538,DR-01,Al Rawdah,RECEIVED,ORD-9442
1771875499538,DR-01,Al Rawdah,ASSIGNED,ORD-9879
1771875500338,DR-01,Al Rawdah,IN_AIR,ORD-9879
1771875500338,DR-03,Al Hamra,IN_AIR,ORD-6028
1771875501139,DR-01,Al Rawdah,DELIVERED,ORD-9879
1771875502739,DR-03,Al Hamra,RECEIVED,ORD-7173
1771875502739,DR-03,Al Hamra,DELIVERED,ORD-6028
1771875504341,DR-03,Al Hamra,ASSIGNED,ORD-5984
1771875505142,DR-03,Al Hamra,IN_AIR,ORD-5984
1771875505943,DR-01,Al Rawdah,RECEIVED,ORD-1428
1771875505943,DR-01,Al Rawdah,ASSIGNED,ORD-2142
1771875505944,DR-03,Al Hamra,RECEIVED,ORD-1377
1771875507543,DR-01,Al Rawdah,RECEIVED,ORD-4329
1771875507543,DR-01,Al Rawdah,IN_AIR,ORD-2142
1771875508344,DR-01,Al Rawdah,RECEIVED,ORD-6219
1771875508344,DR-01,Al Rawdah,DELIVERED,ORD-2142
1771875508345,DR-03,Al Hamra,DELIVERED,ORD-5984
1771875509145,DR-03,Al Hamra,RECEIVED,ORD-3828
1771875509945,DR-01,Al Rawdah,RECEIVED,ORD-8345
1771875509945,DR-01,Al Rawdah,ASSIGNED,ORD-3930
1771875509946,DR-03,Al Hamra,RECEIVED,ORD-7929
1771875509946,DR-03,Al Hamra,ASSIGNED,ORD-4613
1771875510746,DR-01,Al Rawdah,IN_AIR,ORD-3930
1771875510746,DR-03,Al Hamra,IN_AIR,ORD-4613
1771875511547,DR-01,Al Rawdah,DELIVERED,ORD-3930
1771875511547,DR-03,Al Hamra,REJECTED,ORD-4613
1771875513149,DR-01,Al Rawdah,ASSIGNED,ORD-1353
1771875513149,DR-03,Al Hamra,ASSIGNED,ORD-1450
1771875513949,DR-01,Al Rawdah,IN_AIR,ORD-1353
1771875513949,DR-03,Al Hamra,RECEIVED,ORD-9535
1771875513949,DR-03,Al Hamra,IN_AIR,ORD-1450
1771875514750,DR-01,Al Rawdah,DELIVERED,ORD-1353
1771875514750,DR-02,Al Safa,RECEIVED,ORD-7820
1771875514750,DR-02,Al Safa,ASSIGNED,ORD-4738
1771875514751,DR-03,Al Hamra,DELIVERED,ORD-1450
1771875515550,DR-02,Al Safa,RECEIVED,ORD-1736
1771875515550,DR-03,Al Hamra,RECEIVED,ORD-6663
1771875516351,DR-01,Al Rawdah,RECEIVED,ORD-8626
1771875516351,DR-01,Al Rawdah,ASSIGNED,ORD-7786
1771875516352,DR-02,Al Safa,IN_AIR,ORD-4738
1771875516352,DR-03,Al Hamra,RECEIVED,ORD-1421
1771875516352,DR-03,Al Hamra,ASSIGNED,ORD-6548
1771875517152,DR-01,Al Rawdah,RECEIVED,ORD-9082
1771875517152,DR-01,Al Rawdah,IN_AIR,ORD-7786
1771875517153,DR-02,Al Safa,DELIVERED,ORD-4738
1771875517153,DR-03,Al Hamra,IN_AIR,ORD-6548
1771875517953,DR-01,Al Rawdah,DELIVERED,ORD-7786
1771875518762,DR-01,Al Rawdah,RECEIVED,ORD-7900
1771875518762,DR-02,Al Safa,RECEIVED,ORD-3585
1771875518763,DR-03,Al Hamra,RECEIVED,ORD-6927
1771875518763,DR-03,Al Hamra,DELIVERED,ORD-6548
1771875519570,DR-01,Al Rawdah,ASSIGNED,ORD-3390
1771875519570,DR-02,Al Safa,ASSIGNED,ORD-8314
1771875519570,DR-03,Al Hamra,RECEIVED,ORD-3700
1771875520374,DR-01,Al Rawdah,RECEIVED,ORD-2428
1771875520374,DR-01,Al Rawdah,IN_AIR,ORD-3390
1771875520374,DR-02,Al Safa,IN_AIR,ORD-8314
1771875521184,DR-03,Al Hamra,RECEIVED,ORD-5943
1771875521184,DR-03,Al Hamra,ASSIGNED,ORD-3006
1771875521989,DR-02,Al Safa,RECEIVED,ORD-3920
1771875521989,DR-02,Al Safa,REJECTED,ORD-8314
1771875521989,DR-03,Al Hamra,RECEIVED,ORD-2509
1771875521989,DR-03,Al Hamra,IN_AIR,ORD-3006
1771875522797,DR-01,Al Rawdah,RECEIVED,ORD-2392
1771875522797,DR-01,Al Rawdah,DELIVERED,ORD-3390
1771875522797,DR-03,Al Hamra,DELIVERED,ORD-3006
1771875523604,DR-02,Al Safa,RECEIVED,ORD-3166
1771875523604,DR-02,Al Safa,ASSIGNED,ORD-8975
1771875524405,DR-01,Al Rawdah,ASSIGNED,ORD-2782
1771875524405,DR-03,Al Hamra,ASSIGNED,ORD-5067
1771875525211,DR-02,Al Safa,RECEIVED,ORD-8617
1771875525211,DR-03,Al Hamra,RECEIVED,ORD-7969
1771875525211,DR-03,Al Hamra,IN_AIR,ORD-5067
1771875526015,DR-01,Al Rawdah,RECEIVED,ORD-5283
1771875526015,DR-03,Al Hamra,RECEIVED,ORD-4426
1771875526015,DR-03,Al Hamra,DELIVERED,ORD-5067
1771875526819,DR-01,Al Rawdah,RECEIVED,ORD-8610
1771875526819,DR-02,Al Safa,IN_AIR,ORD-8975
1771875527621,DR-02,Al Safa,DELIVERED,ORD-8975
1771875528430,DR-01,Al Rawdah,RECEIVED,ORD-3630
1771875528430,DR-03,Al Hamra,ASSIGNED,ORD-7119
1771875529235,DR-01,Al Rawdah,IN_AIR,ORD-2782
1771875529235,DR-02,Al Safa,ASSIGNED,ORD-1229
1771875529235,DR-03,Al Hamra,IN_AIR,ORD-7119
1771875530039,DR-03,Al Hamra,REJECTED,ORD-7119
1771875530846,DR-01,Al Rawdah,RECEIVED,ORD-8301
1771875530846,DR-01,Al Rawdah,DELIVERED,ORD-2782
1771875530846,DR-03,Al Hamra,RECEIVED,ORD-5882
1771875531652,DR-02,Al Safa,IN_AIR,ORD-1229
1771875531652,DR-03,Al Hamra,ASSIGNED,ORD-3200
1771875533257,DR-01,Al Rawdah,RECEIVED,ORD-1915
1771875533257,DR-02,Al Safa,DELIVERED,ORD-1229
1771875533257,DR-03,Al Hamra,RECEIVED,ORD-7931
1771875533257,DR-03,Al Hamra,IN_AIR,ORD-3200
1771875534062,DR-03,Al Hamra,DELIVERED,ORD-3200
1771875534865,DR-01,Al Rawdah,ASSIGNED,ORD-6302
1771875534865,DR-03,Al Hamra,RECEIVED,ORD-5772
1771875535671,DR-01,Al Rawdah,IN_AIR,ORD-6302
1771875535671,DR-02,Al Safa,ASSIGNED,ORD-6880
1771875535671,DR-03,Al Hamra,ASSIGNED,ORD-9161
1771875536475,DR-01,Al Rawdah,DELIVERED,ORD-6302
1771875537277,DR-01,Al Rawdah,RECEIVED,ORD-5557
1771875538080,DR-01,Al Rawdah,RECEIVED,ORD-2226
1771875538080,DR-01,Al Rawdah,ASSIGNED,ORD-2267
1771875538080,DR-02,Al Safa,IN_AIR,ORD-6880
1771875538082,DR-03,Al Hamra,RECEIVED,ORD-9913
1771875538082,DR-03,Al Hamra,IN_AIR,ORD-9161
1771875538888,DR-03,Al Hamra,RECEIVED,ORD-8360
1771875538888,DR-03,Al Hamra,DELIVERED,ORD-9161
1771875539697,DR-02,Al Safa,RECEIVED,ORD-9281
1771875539697,DR-02,Al Safa,DELIVERED,ORD-6880
1771875540506,DR-01,Al Rawdah,RECEIVED,ORD-8554
1771875540506,DR-03,Al Hamra,ASSIGNED,ORD-4501
1771875541313,DR-01,Al Rawdah,IN_AIR,ORD-2267
1771875541313,DR-02,Al Safa,RECEIVED,ORD-4649
1771875542116,DR-01,Al Rawdah,RECEIVED,ORD-4963
1771875542116,DR-01,Al Rawdah,DELIVERED,ORD-2267
1771875542116,DR-02,Al Safa,ASSIGNED,ORD-2401
1771875542116,DR-03,Al Hamra,IN_AIR,ORD-4501
1771875542922,DR-02,Al Safa,RECEIVED,ORD-9885
1771875542922,DR-03,Al Hamra,DELIVERED,ORD-4501
1771875543727,DR-01,Al Rawdah,RECEIVED,ORD-2148
1771875543727,DR-01,Al Rawdah,ASSIGNED,ORD-5556
1771875544531,DR-01,Al Rawdah,RECEIVED,ORD-4879
1771875544531,DR-01,Al Rawdah,IN_AIR,ORD-5556
1771875544531,DR-02,Al Safa,IN_AIR,ORD-2401
1771875544531,DR-03,Al Hamra,ASSIGNED,ORD-9078
1771875545336,DR-02,Al Safa,DELIVERED,ORD-2401
1771875545336,DR-03,Al Hamra,IN_AIR,ORD-9078
1771875546142,DR-01,Al Rawdah,REJECTED,ORD-5556
1771875546142,DR-02,Al Safa,RECEIVED,ORD-7355
1771875546142,DR-03,Al Hamra,RECEIVED,ORD-1936
1771875546955,DR-01,Al Rawdah,RECEIVED,ORD-2065
1771875546955,DR-03,Al Hamra,DELIVERED,ORD-9078
1771875547759,DR-01,Al Rawdah,ASSIGNED,ORD-3882
1771875547759,DR-02,Al Safa,ASSIGNED,ORD-6927
1771875547759,DR-03,Al Hamra,RECEIVED,ORD-8402
1771875548568,DR-01,Al Rawdah,RECEIVED,ORD-8255
1771875549377,DR-01,Al Rawdah,IN_AIR,ORD-3882
1771875549377,DR-02,Al Safa,IN_AIR,ORD-6927
1771875549377,DR-03,Al Hamra,RECEIVED,ORD-2054
1771875549377,DR-03,Al Hamra,ASSIGNED,ORD-2464
1771875550183,DR-02,Al Safa,REJECTED,ORD-6927
1771875550183,DR-03,Al Hamra,IN_AIR,ORD-2464
1771875550985,DR-01,Al Rawdah,RECEIVED,ORD-2525
1771875550985,DR-02,Al Safa,RECEIVED,ORD-2288
1771875550985,DR-03,Al Hamra,DELIVERED,ORD-2464
1771875551794,DR-01,Al Rawdah,RECEIVED,ORD-1752
1771875551794,DR-01,Al Rawdah,DELIVERED,ORD-3882
1771875551794,DR-02,Al Safa,ASSIGNED,ORD-6838
1771875552597,DR-02,Al Safa,RECEIVED,ORD-4095
1771875553410,DR-01,Al Rawdah,RECEIVED,ORD-1463
1771875553410,DR-01,Al Rawdah,ASSIGNED,ORD-5822
1771875553410,DR-02,Al Safa,IN_AIR,ORD-6838
1771875553410,DR-03,Al Hamra,ASSIGNED,ORD-4320
1771875554213,DR-01,Al Rawdah,RECEIVED,ORD-8276
1771875554213,DR-03,Al Hamra,RECEIVED,ORD-3949
1771875554213,DR-03,Al Hamra,IN_AIR,ORD-4320
1771875555016,DR-01,Al Rawdah,IN_AIR,ORD-5822
1771875555016,DR-02,Al Safa,DELIVERED,ORD-6838
1771875555016,DR-03,Al Hamra,RECEIVED,ORD-8184
1771875555016,DR-03,Al Hamra,DELIVERED,ORD-4320
1771875555830,DR-01,Al Rawdah,DELIVERED,ORD-5822
1771875555830,DR-03,Al Hamra,RECEIVED,ORD-3230
1771875556639,DR-01,Al Rawdah,RECEIVED,ORD-4364
1771875556639,DR-02,Al Safa,RECEIVED,ORD-3949
1771875556639,DR-03,Al Hamra,ASSIGNED,ORD-4732
1771875557441,DR-01,Al Rawdah,RECEIVED,ORD-4846
1771875557441,DR-01,Al Rawdah,ASSIGNED,ORD-1379
1771875557441,DR-02,Al Safa,ASSIGNED,ORD-5053
1771875557441,DR-03,Al Hamra,IN_AIR,ORD-4732
1771875558246,DR-01,Al Rawdah,IN_AIR,ORD-1379
1771875558246,DR-03,Al Hamra,DELIVERED,ORD-4732
1771875559052,DR-01,Al Rawdah,DELIVERED,ORD-1379
1771875559052,DR-02,Al Safa,RECEIVED,ORD-8550
1771875559052,DR-03,Al Hamra,RECEIVED,ORD-3724
1771875559852,DR-03,Al Hamra,ASSIGNED,ORD-1678
1771875560661,DR-01,Al Rawdah,ASSIGNED,ORD-3569
1771875560661,DR-02,Al Safa,IN_AIR,ORD-5053
1771875560663,DR-03,Al Hamra,IN_AIR,ORD-1678
1771875561463,DR-01,Al Rawdah,IN_AIR,ORD-3569
1771875561463,DR-02,Al Safa,RECEIVED,ORD-5681
1771875561463,DR-02,Al Safa,DELIVERED,ORD-5053
1771875561463,DR-03,Al Hamra,REJECTED,ORD-1678
1771875562286,DR-01,Al Rawdah,REJECTED,ORD-3569
1771875562286,DR-03,Al Hamra,RECEIVED,ORD-5322
1771875563088,DR-02,Al Safa,RECEIVED,ORD-8120
1771875563088,DR-02,Al Safa,ASSIGNED,ORD-1115
1771875563088,DR-03,Al Hamra,RECEIVED,ORD-6336
1771875563088,DR-03,Al Hamra,ASSIGNED,ORD-6482
1771875563893,DR-01,Al Rawdah,RECEIVED,ORD-8651
1771875563893,DR-01,Al Rawdah,ASSIGNED,ORD-6456
1771875563893,DR-02,Al Safa,IN_AIR,ORD-1115
1771875563893,DR-03,Al Hamra,RECEIVED,ORD-6870
1771875564707,DR-01,Al Rawdah,IN_AIR,ORD-6456
1771875564707,DR-02,Al Safa,RECEIVED,ORD-5696
1771875564707,DR-02,Al Safa,DELIVERED,ORD-1115
1771875566317,DR-01,Al Rawdah,RECEIVED,ORD-6055
1771875566317,DR-01,Al Rawdah,DELIVERED,ORD-6456
1771875566317,DR-02,Al Safa,ASSIGNED,ORD-2978
1771875567123,DR-03,Al Hamra,IN_AIR,ORD-6482
1771875567937,DR-01,Al Rawdah,RECEIVED,ORD-8748
1771875567937,DR-02,Al Safa,IN_AIR,ORD-2978
1771875567938,DR-03,Al Hamra,DELIVERED,ORD-6482
1771875568741,DR-02,Al Safa,DELIVERED,ORD-2978
1771875568741,DR-03,Al Hamra,RECEIVED,ORD-9644
1771875569552,DR-03,Al Hamra,ASSIGNED,ORD-8526
1771875570358,DR-01,Al Rawdah,RECEIVED,ORD-5192
1771875570358,DR-01,Al Rawdah,ASSIGNED,ORD-6363
1771875571969,DR-01,Al Rawdah,RECEIVED,ORD-7067
1771875571969,DR-01,Al Rawdah,IN_AIR,ORD-6363
1771875571970,DR-02,Al Safa,ASSIGNED,ORD-6983
1771875571971,DR-03,Al Hamra,IN_AIR,ORD-8526
1771875572776,DR-03,Al Hamra,REJECTED,ORD-8526
1771875573581,DR-01,Al Rawdah,DELIVERED,ORD-6363
1771875573581,DR-02,Al Safa,IN_AIR,ORD-6983
1771875573581,DR-03,Al Hamra,RECEIVED,ORD-3519
1771875574390,DR-03,Al Hamra,RECEIVED,ORD-7637
1771875575190,DR-01,Al Rawdah,RECEIVED,ORD-7565
1771875575190,DR-01,Al Rawdah,ASSIGNED,ORD-4165
1771875575190,DR-02,Al Safa,REJECTED,ORD-6983
1771875575991,DR-01,Al Rawdah,IN_AIR,ORD-4165
1771875575991,DR-02,Al Safa,RECEIVED,ORD-8475
1771875575993,DR-03,Al Hamra,RECEIVED,ORD-3903
1771875575993,DR-03,Al Hamra,ASSIGNED,ORD-7246
1771875576794,DR-01,Al Rawdah,RECEIVED,ORD-5019
1771875576796,DR-02,Al Safa,ASSIGNED,ORD-8494
1771875576796,DR-03,Al Hamra,RECEIVED,ORD-2022
1771875576796,DR-03,Al Hamra,IN_AIR,ORD-7246
1771875577614,DR-01,Al Rawdah,RECEIVED,ORD-6392
1771875578422,DR-01,Al Rawdah,REJECTED,ORD-4165
1771875578422,DR-02,Al Safa,RECEIVED,ORD-2879
1771875578422,DR-03,Al Hamra,REJECTED,ORD-7246
1771875579225,DR-01,Al Rawdah,RECEIVED,ORD-5636
1771875579225,DR-02,Al Safa,IN_AIR,ORD-8494
1771875580030,DR-02,Al Safa,RECEIVED,ORD-3366
1771875580030,DR-03,Al Hamra,ASSIGNED,ORD-2093
1771875580840,DR-01,Al Rawdah,ASSIGNED,ORD-5216
1771875580840,DR-02,Al Safa,RECEIVED,ORD-2486
1771875580840,DR-03,Al Hamra,IN_AIR,ORD-2093
1771875581655,DR-01,Al Rawdah,RECEIVED,ORD-4602
1771875581655,DR-01,Al Rawdah,IN_AIR,ORD-5216
1771875581656,DR-02,Al Safa,RECEIVED,ORD-1552
1771875581656,DR-03,Al Hamra,RECEIVED,ORD-6565
1771875582460,DR-01,Al Rawdah,DELIVERED,ORD-5216
1771875582460,DR-02,Al Safa,DELIVERED,ORD-8494
1771875582460,DR-03,Al Hamra,DELIVERED,ORD-2093
1771875583267,DR-03,Al Hamra,RECEIVED,ORD-8348
1771875584074,DR-01,Al Rawdah,RECEIVED,ORD-5988
1771875584074,DR-02,Al Safa,ASSIGNED,ORD-8068
1771875584074,DR-03,Al Hamra,ASSIGNED,ORD-7886
1771875584889,DR-03,Al Hamra,RECEIVED,ORD-1819
1771875584889,DR-03,Al Hamra,IN_AIR,ORD-7886
1771875585696,DR-01,Al Rawdah,RECEIVED,ORD-1125
1771875585696,DR-01,Al Rawdah,ASSIGNED,ORD-9728
1771875585696,DR-02,Al Safa,RECEIVED,ORD-1828
1771875585696,DR-02,Al Safa,IN_AIR,ORD-8068
1771875585698,DR-03,Al Hamra,DELIVERED,ORD-7886
1771875586502,DR-01,Al Rawdah,RECEIVED,ORD-3995
1771875587307,DR-01,Al Rawdah,RECEIVED,ORD-4552
1771875587307,DR-02,Al Safa,DELIVERED,ORD-8068
1771875587308,DR-03,Al Hamra,ASSIGNED,ORD-6002
1771875588115,DR-01,Al Rawdah,RECEIVED,ORD-6904
1771875588115,DR-01,Al Rawdah,IN_AIR,ORD-9728
1771875588115,DR-02,Al Safa,RECEIVED,ORD-8717
1771875588115,DR-03,Al Hamra,IN_AIR,ORD-6002
1771875588923,DR-02,Al Safa,ASSIGNED,ORD-5863
1771875588923,DR-03,Al Hamra,RECEIVED,ORD-6667
1771875589735,DR-01,Al Rawdah,REJECTED,ORD-9728
1771875589735,DR-02,Al Safa,IN_AIR,ORD-5863
1771875589735,DR-03,Al Hamra,DELIVERED,ORD-6002
1771875590537,DR-01,Al Rawdah,RECEIVED,ORD-7342
1771875590537,DR-02,Al Safa,RECEIVED,ORD-6486
1771875590537,DR-02,Al Safa,DELIVERED,ORD-5863
1771875591342,DR-01,Al Rawdah,RECEIVED,ORD-6508
1771875591342,DR-01,Al Rawdah,ASSIGNED,ORD-4524
1771875592145,DR-02,Al Safa,RECEIVED,ORD-8399
1771875592145,DR-02,Al Safa,ASSIGNED,ORD-2548
1771875592145,DR-03,Al Hamra,ASSIGNED,ORD-7170
1771875592955,DR-01,Al Rawdah,IN_AIR,ORD-4524
1771875592955,DR-03,Al Hamra,IN_AIR,ORD-7170
1771875593765,DR-01,Al Rawdah,DELIVERED,ORD-4524
1771875593765,DR-03,Al Hamra,DELIVERED,ORD-7170
1771875594571,DR-03,Al Hamra,RECEIVED,ORD-7454
1771875595372,DR-02,Al Safa,IN_AIR,ORD-2548
1771875595372,DR-03,Al Hamra,ASSIGNED,ORD-9223
1771875596182,DR-01,Al Rawdah,RECEIVED,ORD-2813
1771875596182,DR-01,Al Rawdah,ASSIGNED,ORD-4766
1771875596182,DR-02,Al Safa,RECEIVED,ORD-1705
1771875596182,DR-02,Al Safa,REJECTED,ORD-2548
1771875596182,DR-03,Al Hamra,IN_AIR,ORD-9223
1771875596987,DR-01,Al Rawdah,IN_AIR,ORD-4766
1771875596987,DR-03,Al Hamra,REJECTED,ORD-9223
1771875597794,DR-01,Al Rawdah,RECEIVED,ORD-9197
1771875597794,DR-01,Al Rawdah,DELIVERED,ORD-4766
1771875597794,DR-02,Al Safa,ASSIGNED,ORD-2466
1771875598595,DR-02,Al Safa,IN_AIR,ORD-2466
1771875598595,DR-03,Al Hamra,RECEIVED,ORD-4130
1771875598595,DR-03,Al Hamra,ASSIGNED,ORD-7438
1771875599404,DR-01,Al Rawdah,ASSIGNED,ORD-9528
1771875599405,DR-02,Al Safa,RECEIVED,ORD-8181
1771875599405,DR-02,Al Safa,DELIVERED,ORD-2466
1771875599406,DR-03,Al Hamra,RECEIVED,ORD-9681
1771875599406,DR-03,Al Hamra,IN_AIR,ORD-7438
1771875600211,DR-01,Al Rawdah,IN_AIR,ORD-9528
1771875601013,DR-01,Al Rawdah,DELIVERED,ORD-9528
1771875601013,DR-02,Al Safa,RECEIVED,ORD-1105
1771875601013,DR-02,Al Safa,ASSIGNED,ORD-7032
1771875601014,DR-03,Al Hamra,RECEIVED,ORD-8638
1771875601014,DR-03,Al Hamra,REJECTED,ORD-7438
1771875601826,DR-02,Al Safa,RECEIVED,ORD-4470
1771875601826,DR-02,Al Safa,IN_AIR,ORD-7032
1771875602629,DR-01,Al Rawdah,ASSIGNED,ORD-1443
1771875602629,DR-02,Al Safa,DELIVERED,ORD-7032
1771875602629,DR-03,Al Hamra,RECEIVED,ORD-3236
1771875602629,DR-03,Al Hamra,ASSIGNED,ORD-1235
1771875603439,DR-01,Al Rawdah,RECEIVED,ORD-1582
1771875603439,DR-03,Al Hamra,RECEIVED,ORD-2387
1771875603439,DR-03,Al Hamra,IN_AIR,ORD-1235
1771875605056,DR-01,Al Rawdah,RECEIVED,ORD-1947
1771875605056,DR-02,Al Safa,ASSIGNED,ORD-7383
1771875606671,DR-01,Al Rawdah,RECEIVED,ORD-4389
1771875606671,DR-01,Al Rawdah,IN_AIR,ORD-1443
1771875606671,DR-03,Al Hamra,DELIVERED,ORD-1235
1771875607471,DR-02,Al Safa,IN_AIR,ORD-7383
1771875607471,DR-03,Al Hamra,RECEIVED,ORD-6549
1771875608281,DR-01,Al Rawdah,REJECTED,ORD-1443
1771875608281,DR-02,Al Safa,RECEIVED,ORD-8633
1771875608281,DR-02,Al Safa,DELIVERED,ORD-7383
1771875608281,DR-03,Al Hamra,ASSIGNED,ORD-6900
1771875609086,DR-02,Al Safa,RECEIVED,ORD-1407
1771875609086,DR-03,Al Hamra,RECEIVED,ORD-2624
1771875609086,DR-03,Al Hamra,IN_AIR,ORD-6900
1771875609890,DR-02,Al Safa,ASSIGNED,ORD-9452
1771875609890,DR-03,Al Hamra,RECEIVED,ORD-2085
1771875610699,DR-01,Al Rawdah,ASSIGNED,ORD-2904
1771875610699,DR-02,Al Safa,RECEIVED,ORD-6208
1771875610699,DR-02,Al Safa,IN_AIR,ORD-9452
1771875610699,DR-03,Al Hamra,DELIVERED,ORD-6900
1771875611506,DR-01,Al Rawdah,IN_AIR,ORD-2904
1771875613109,DR-01,Al Rawdah,DELIVERED,ORD-2904
1771875613916,DR-01,Al Rawdah,RECEIVED,ORD-5959
1771875613916,DR-02,Al Safa,REJECTED,ORD-9452
1771875613916,DR-03,Al Hamra,ASSIGNED,ORD-2132
1771875614725,DR-01,Al Rawdah,RECEIVED,ORD-4396
1771875614725,DR-01,Al Rawdah,ASSIGNED,ORD-9099
1771875614725,DR-03,Al Hamra,RECEIVED,ORD-5937
1771875614725,DR-03,Al Hamra,IN_AIR,ORD-2132
1771875615530,DR-01,Al Rawdah,IN_AIR,ORD-9099
1771875615530,DR-02,Al Safa,ASSIGNED,ORD-9950
1771875616334,DR-01,Al Rawdah,DELIVERED,ORD-9099
1771875616334,DR-02,Al Safa,RECEIVED,ORD-9765
1771875616334,DR-02,Al Safa,IN_AIR,ORD-9950
1771875616334,DR-03,Al Hamra,RECEIVED,ORD-7647
1771875616334,DR-03,Al Hamra,DELIVERED,ORD-2132
1771875617137,DR-02,Al Safa,REJECTED,ORD-9950
1771875617137,DR-03,Al Hamra,RECEIVED,ORD-5770
1771875617942,DR-01,Al Rawdah,RECEIVED,ORD-6074
1771875617942,DR-01,Al Rawdah,ASSIGNED,ORD-7306
1771875618750,DR-01,Al Rawdah,RECEIVED,ORD-9501
1771875618750,DR-02,Al Safa,ASSIGNED,ORD-9052
1771875618751,DR-03,Al Hamra,ASSIGNED,ORD-8823
1771875619558,DR-03,Al Hamra,RECEIVED,ORD-8435
1771875619558,DR-03,Al Hamra,IN_AIR,ORD-8823
1771875620361,DR-01,Al Rawdah,IN_AIR,ORD-7306
1771875620361,DR-03,Al Hamra,RECEIVED,ORD-7259
1771875620361,DR-03,Al Hamra,REJECTED,ORD-8823
1771875621173,DR-01,Al Rawdah,RECEIVED,ORD-9220
1771875621173,DR-01,Al Rawdah,DELIVERED,ORD-7306
1771875621173,DR-03,Al Hamra,RECEIVED,ORD-2521
1771875621984,DR-02,Al Safa,RECEIVED,ORD-8749
1771875621984,DR-03,Al Hamra,RECEIVED,ORD-6349
1771875621984,DR-03,Al Hamra,ASSIGNED,ORD-5372
1771875622789,DR-01,Al Rawdah,ASSIGNED,ORD-5503
1771875622789,DR-03,Al Hamra,IN_AIR,ORD-5372
1771875624397,DR-03,Al Hamra,DELIVERED,ORD-5372
1771875625206,DR-01,Al Rawdah,RECEIVED,ORD-5484
1771875625206,DR-01,Al Rawdah,IN_AIR,ORD-5503
1771875625206,DR-02,Al Safa,RECEIVED,ORD-9991
1771875626013,DR-01,Al Rawdah,RECEIVED,ORD-6894
1771875626013,DR-01,Al Rawdah,DELIVERED,ORD-5503
1771875626014,DR-02,Al Safa,IN_AIR,ORD-9052
1771875626014,DR-03,Al Hamra,ASSIGNED,ORD-1150
1771875626821,DR-01,Al Rawdah,RECEIVED,ORD-7797
1771875626821,DR-02,Al Safa,RECEIVED,ORD-3194
1771875626821,DR-02,Al Safa,DELIVERED,ORD-9052
1771875626822,DR-03,Al Hamra,RECEIVED,ORD-2406
1771875627633,DR-01,Al Rawdah,ASSIGNED,ORD-1152
1771875627633,DR-03,Al Hamra,IN_AIR,ORD-1150
1771875628439,DR-01,Al Rawdah,RECEIVED,ORD-8936
1771875628439,DR-01,Al Rawdah,IN_AIR,ORD-1152
1771875628441,DR-02,Al Safa,ASSIGNED,ORD-6960
1771875628441,DR-03,Al Hamra,DELIVERED,ORD-1150
1771875629248,DR-01,Al Rawdah,DELIVERED,ORD-1152
1771875629248,DR-02,Al Safa,IN_AIR,ORD-6960
1771875630867,DR-01,Al Rawdah,ASSIGNED,ORD-8988
1771875630867,DR-02,Al Safa,RECEIVED,ORD-3390
1771875630867,DR-02,Al Safa,DELIVERED,ORD-6960
1771875630868,DR-03,Al Hamra,RECEIVED,ORD-1988
1771875630868,DR-03,Al Hamra,ASSIGNED,ORD-7685
1771875631671,DR-01,Al Rawdah,IN_AIR,ORD-8988
1771875631671,DR-03,Al Hamra,RECEIVED,ORD-3246
1771875631671,DR-03,Al Hamra,IN_AIR,ORD-7685
1771875632475,DR-01,Al Rawdah,DELIVERED,ORD-8988
1771875632475,DR-02,Al Safa,RECEIVED,ORD-6790
1771875632475,DR-03,Al Hamra,RECEIVED,ORD-3322
1771875632475,DR-03,Al Hamra,DELIVERED,ORD-7685
1771875633283,DR-03,Al Hamra,RECEIVED,ORD-3288
1771875634087,DR-01,Al Rawdah,ASSIGNED,ORD-1865
1771875634087,DR-02,Al Safa,RECEIVED,ORD-8638
1771875634087,DR-02,Al Safa,ASSIGNED,ORD-2085
1771875634087,DR-03,Al Hamra,ASSIGNED,ORD-1908
1771875634888,DR-01,Al Rawdah,RECEIVED,ORD-8110
1771875634888,DR-02,Al Safa,RECEIVED,ORD-6274
1771875634888,DR-02,Al Safa,IN_AIR,ORD-2085
1771875634888,DR-03,Al Hamra,IN_AIR,ORD-1908
1771875635689,DR-01,Al Rawdah,IN_AIR,ORD-1865
1771875636492,DR-03,Al Hamra,RECEIVED,ORD-3676
1771875636492,DR-03,Al Hamra,DELIVERED,ORD-1908
1771875637300,DR-01,Al Rawdah,DELIVERED,ORD-1865
1771875637300,DR-02,Al Safa,RECEIVED,ORD-9246
1771875637300,DR-02,Al Safa,DELIVERED,ORD-2085
1771875638114,DR-02,Al Safa,RECEIVED,ORD-6227
1771875638114,DR-03,Al Hamra,ASSIGNED,ORD-4057
1771875638921,DR-01,Al Rawdah,ASSIGNED,ORD-8168
1771875638921,DR-03,Al Hamra,RECEIVED,ORD-8016
1771875639729,DR-01,Al Rawdah,RECEIVED,ORD-6172
1771875639729,DR-02,Al Safa,RECEIVED,ORD-5765
1771875640535,DR-01,Al Rawdah,IN_AIR,ORD-8168
1771875640535,DR-02,Al Safa,RECEIVED,ORD-1886
1771875640535,DR-02,Al Safa,ASSIGNED,ORD-1423
1771875640535,DR-03,Al Hamra,RECEIVED,ORD-1415
1771875640535,DR-03,Al Hamra,IN_AIR,ORD-4057
1771875641343,DR-01,Al Rawdah,RECEIVED,ORD-4646
1771875641343,DR-02,Al Safa,IN_AIR,ORD-1423
1771875641345,DR-03,Al Hamra,RECEIVED,ORD-1713
1771875642145,DR-02,Al Safa,RECEIVED,ORD-1204
1771875642145,DR-02,Al Safa,DELIVERED,ORD-1423
1771875642146,DR-03,Al Hamra,RECEIVED,ORD-8821
1771875642946,DR-01,Al Rawdah,RECEIVED,ORD-2897
1771875642946,DR-02,Al Safa,RECEIVED,ORD-6794
1771875643754,DR-02,Al Safa,ASSIGNED,ORD-6669
1771875643754,DR-03,Al Hamra,RECEIVED,ORD-2169
1771875643754,DR-03,Al Hamra,DELIVERED,ORD-4057
1771875644558,DR-01,Al Rawdah,DELIVERED,ORD-8168
1771875644558,DR-02,Al Safa,IN_AIR,ORD-6669
1771875645366,DR-02,Al Safa,REJECTED,ORD-6669
1771875645367,DR-03,Al Hamra,RECEIVED,ORD-5729
1771875645367,DR-03,Al Hamra,ASSIGNED,ORD-1776
1771875646167,DR-01,Al Rawdah,RECEIVED,ORD-3189
1771875646168,DR-02,Al Safa,RECEIVED,ORD-4883
1771875646168,DR-03,Al Hamra,IN_AIR,ORD-1776
1771875646972,DR-01,Al Rawdah,ASSIGNED,ORD-1664
1771875646972,DR-02,Al Safa,ASSIGNED,ORD-7114
1771875646972,DR-03,Al Hamra,RECEIVED,ORD-9847
1771875646972,DR-03,Al Hamra,DELIVERED,ORD-1776
1771875647782,DR-01,Al Rawdah,RECEIVED,ORD-5848
1771875647782,DR-02,Al Safa,RECEIVED,ORD-7694
1771875647782,DR-02,Al Safa,IN_AIR,ORD-7114
1771875647783,DR-03,Al Hamra,RECEIVED,ORD-9726
1771875648587,DR-01,Al Rawdah,IN_AIR,ORD-1664
1771875648587,DR-03,Al Hamra,ASSIGNED,ORD-3040
1771875649392,DR-01,Al Rawdah,DELIVERED,ORD-1664
1771875649392,DR-03,Al Hamra,IN_AIR,ORD-3040
1771875650200,DR-01,Al Rawdah,RECEIVED,ORD-4905
1771875651010,DR-01,Al Rawdah,RECEIVED,ORD-4909
1771875651010,DR-02,Al Safa,RECEIVED,ORD-6578
1771875651010,DR-02,Al Safa,DELIVERED,ORD-7114
1771875651011,DR-03,Al Hamra,RECEIVED,ORD-8059
1771875651011,DR-03,Al Hamra,DELIVERED,ORD-3040
1771875651815,DR-01,Al Rawdah,ASSIGNED,ORD-1559
1771875651815,DR-02,Al Safa,RECEIVED,ORD-7492
1771875652621,DR-02,Al Safa,ASSIGNED,ORD-8652
1771875652621,DR-03,Al Hamra,RECEIVED,ORD-3463
1771875652621,DR-03,Al Hamra,ASSIGNED,ORD-1893
1771875653425,DR-01,Al Rawdah,RECEIVED,ORD-1266
1771875653426,DR-02,Al Safa,RECEIVED,ORD-3442
1771875653427,DR-03,Al Hamra,IN_AIR,ORD-1893
1771875654229,DR-03,Al Hamra,DELIVERED,ORD-1893
1771875655033,DR-01,Al Rawdah,RECEIVED,ORD-9417
1771875655033,DR-01,Al Rawdah,IN_AIR,ORD-1559
1771875655034,DR-02,Al Safa,IN_AIR,ORD-8652
1771875655837,DR-01,Al Rawdah,RECEIVED,ORD-4147
1771875655837,DR-01,Al Rawdah,REJECTED,ORD-1559
1771875655839,DR-02,Al Safa,RECEIVED,ORD-3621
1771875655840,DR-03,Al Hamra,ASSIGNED,ORD-6277
1771875656649,DR-02,Al Safa,RECEIVED,ORD-3487
1771875656649,DR-02,Al Safa,REJECTED,ORD-8652
1771875656650,DR-03,Al Hamra,IN_AIR,ORD-6277
1771875657456,DR-01,Al Rawdah,RECEIVED,ORD-8917
1771875657456,DR-01,Al Rawdah,ASSIGNED,ORD-6543
1771875657456,DR-03,Al Hamra,RECEIVED,ORD-1289
1771875657456,DR-03,Al Hamra,DELIVERED,ORD-6277
1771875658262,DR-01,Al Rawdah,IN_AIR,ORD-6543
1771875658262,DR-02,Al Safa,RECEIVED,ORD-4207
1771875659071,DR-02,Al Safa,ASSIGNED,ORD-1857
1771875659071,DR-03,Al Hamra,ASSIGNED,ORD-6064
1771875659875,DR-02,Al Safa,RECEIVED,ORD-7307
1771875659875,DR-02,Al Safa,IN_AIR,ORD-1857
1771875660687,DR-02,Al Safa,DELIVERED,ORD-1857
1771875660688,DR-03,Al Hamra,RECEIVED,ORD-1529
1771875660688,DR-03,Al Hamra,IN_AIR,ORD-6064
1771875661492,DR-01,Al Rawdah,RECEIVED,ORD-8217
1771875661492,DR-02,Al Safa,RECEIVED,ORD-7231
1771875661493,DR-03,Al Hamra,DELIVERED,ORD-6064
1771875662300,DR-01,Al Rawdah,DELIVERED,ORD-6543
1771875662300,DR-02,Al Safa,ASSIGNED,ORD-8735
1771875663102,DR-02,Al Safa,RECEIVED,ORD-1649
1771875663102,DR-02,Al Safa,IN_AIR,ORD-8735
1771875663103,DR-03,Al Hamra,ASSIGNED,ORD-3156
1771875663908,DR-01,Al Rawdah,RECEIVED,ORD-2537
1771875663908,DR-01,Al Rawdah,ASSIGNED,ORD-5741
1771875663909,DR-02,Al Safa,DELIVERED,ORD-8735
1771875664710,DR-03,Al Hamra,IN_AIR,ORD-3156
1771875665522,DR-02,Al Safa,ASSIGNED,ORD-9690
1771875665523,DR-03,Al Hamra,RECEIVED,ORD-5617
1771875665523,DR-03,Al Hamra,DELIVERED,ORD-3156
1771875666329,DR-01,Al Rawdah,IN_AIR,ORD-5741
1771875666330,DR-02,Al Safa,RECEIVED,ORD-1909
1771875666330,DR-02,Al Safa,IN_AIR,ORD-9690
1771875667137,DR-01,Al Rawdah,RECEIVED,ORD-4559
1771875667137,DR-03,Al Hamra,RECEIVED,ORD-7952
1771875667946,DR-01,Al Rawdah,DELIVERED,ORD-5741
1771875667946,DR-02,Al Safa,DELIVERED,ORD-9690
1771875668756,DR-03,Al Hamra,RECEIVED,ORD-2478
1771875668756,DR-03,Al Hamra,ASSIGNED,ORD-6181
1771875669562,DR-01,Al Rawdah,ASSIGNED,ORD-2193
1771875669562,DR-02,Al Safa,ASSIGNED,ORD-4459
1771875670369,DR-01,Al Rawdah,IN_AIR,ORD-2193
1771875670369,DR-02,Al Safa,IN_AIR,ORD-4459
1771875671176,DR-01,Al Rawdah,REJECTED,ORD-2193
1771875671176,DR-02,Al Safa,RECEIVED,ORD-8901
1771875671177,DR-03,Al Hamra,IN_AIR,ORD-6181
1771875671984,DR-01,Al Rawdah,RECEIVED,ORD-1647
1771875671984,DR-02,Al Safa,DELIVERED,ORD-4459
1771875672786,DR-01,Al Rawdah,RECEIVED,ORD-5481
1771875672786,DR-01,Al Rawdah,ASSIGNED,ORD-1191
1771875672787,DR-03,Al Hamra,DELIVERED,ORD-6181
1771875673594,DR-02,Al Safa,ASSIGNED,ORD-6564
1771875674401,DR-01,Al Rawdah,IN_AIR,ORD-1191
1771875674401,DR-02,Al Safa,RECEIVED,ORD-5752
1771875674403,DR-03,Al Hamra,RECEIVED,ORD-9166
1771875674403,DR-03,Al Hamra,ASSIGNED,ORD-2365
